FIPS,Unemployment_rate_2020
1001,5.3
1003,6.1
1005,7.7
1007,7.2
1009,4.5
1011,5.9
1013,9.5
1015,7.7
1017,7.4
1019,5.1
1021,5.4
1023,7.3
1025,9.7
1027,4.4
1029,5
1031,4.8
1033,7.2
1035,7.9
1037,6
1039,5.4
1041,6.2
1043,4.7
1045,5.3
1047,11.6
1049,4.9
1051,5.2
1053,6.7
1055,8.3
1057,5.5
1059,4.9
1061,4.5
1063,11.6
1065,10.2
1067,5.3
1069,5.9
1071,5.8
1073,6.7
1075,5.3
1077,6.1
1079,5.4
1081,5.7
1083,4.6
1085,14.3
1087,10.3
1089,5.1
1091,6.8
1093,5.5
1095,4.6
1097,8.5
1099,8.8
1101,8.4
1103,4.9
1105,11.8
1107,7.2
1109,5.4
1111,5.2
1113,5.7
1115,5.3
1117,4.2
1119,7.6
1121,7.7
1123,7.5
1125,7.2
1127,6.4
1129,8.7
1131,15.9
1133,5.1
2013,4.1
2016,4.7
2020,7.9
2050,12.3
2060,7.9
2063,8.7
2066,10.8
2068,17.5
2070,8.9
2090,6.7
2100,16.4
2105,14.1
2110,7
2122,9.6
2130,10.3
2150,6.7
2158,20.8
2164,11.6
2170,8.8
2180,11.1
2185,6.2
2188,12.8
2195,9.2
2198,9.8
2220,7.3
2230,21.7
2240,7.8
2275,9.3
2282,8.6
2290,12.7
4001,12.7
4003,6.9
4005,9.6
4007,7.6
4009,6.2
4011,5.3
4012,7
4013,7.3
4015,9.9
4017,10
4019,7.6
4021,7.4
4023,11.3
4025,7.4
4027,17.1
5001,4.1
5003,9.5
5005,6.1
5007,4.5
5009,5.4
5011,6
5013,5.3
5015,5.8
5017,10.7
5019,6.1
5021,6.2
5023,7.7
5025,6.2
5027,7
5029,6.2
5031,5.4
5033,5.5
5035,8.5
5037,6.2
5039,5.5
5041,7.2
5043,7.1
5045,5.6
5047,5.7
5049,5.2
5051,8.1
5053,5.3
5055,6.1
5057,5.3
5059,5.9
5061,5.1
5063,5.9
5065,8.6
5067,7.4
5069,8.2
5071,6.4
5073,7.8
5075,6.3
5077,7.8
5079,6
5081,6.7
5083,6.8
5085,5.6
5087,4
5089,6.6
5091,7
5093,9.2
5095,6.8
5097,7.1
5099,6
5101,5.2
5103,6.2
5105,5.7
5107,9.3
5109,6.1
5111,5.7
5113,6.8
5115,6
5117,5.5
5119,7.6
5121,6.1
5123,8.1
5125,5.1
5127,4.6
5129,6.5
5131,6.1
5133,5.9
5135,7.3
5137,7.2
5139,8.5
5141,7.3
5143,4.7
5145,6.4
5147,5.9
5149,5.2
6001,8.9
6003,11.7
6005,9.4
6007,9.4
6009,7.8
6011,16.4
6013,9
6015,9.7
6017,8.5
6019,11.6
6021,9
6023,8.5
6025,22.6
6027,8
6029,12.8
6031,11.8
6033,9.8
6035,7.4
6037,12.3
6039,11.1
6041,6.8
6043,11.1
6045,9.1
6047,12.5
6049,8.8
6051,12.1
6053,11.1
6055,8.9
6057,8.1
6059,8.9
6061,7.4
6063,11
6065,10.1
6067,9.4
6069,9.9
6071,9.6
6073,9.4
6075,7.9
6077,11.5
6079,7.8
6081,6.9
6083,8.1
6085,7.1
6087,9.7
6089,8.9
6091,8.3
6093,10
6095,9.7
6097,8
6099,11
6101,11.4
6103,9.1
6105,8.2
6107,13.4
6109,10.6
6111,8.7
6113,7.8
6115,10.6
8001,7.5
8003,5.9
8005,7.3
8007,7
8009,2.2
8011,4
8013,5.7
8014,6.1
8015,5.9
8017,2.2
8019,8.1
8021,5.2
8023,6.7
8025,5.1
8027,4.7
8029,6.1
8031,7.6
8033,6.4
8035,5.3
8037,8.9
8039,4.3
8041,6.7
8043,7.2
8045,6.3
8047,10.8
8049,7.9
8051,6.2
8053,3.8
8055,8.8
8057,3.9
8059,6.6
8061,2.2
8063,2.6
8065,7.6
8067,6.4
8069,5.9
8071,6.9
8073,4.2
8075,4.3
8077,7
8079,5.4
8081,5.6
8083,6.7
8085,6.2
8087,5
8089,5.7
8091,7.5
8093,5.4
8095,2.5
8097,9.8
8099,4.1
8101,7.6
8103,5.1
8105,6.7
8107,7.4
8109,6.6
8111,6.2
8113,10.2
8115,3.3
8117,9.2
8119,7
8121,2.9
8123,6.5
8125,2.6
9001,8
9003,8.2
9005,6.9
9007,6.6
9009,8.1
9011,9.7
9013,6.2
9015,7.8
10001,8.3
10003,7.4
10005,7.2
11001,7.9
12001,5.7
12003,5.3
12005,6.3
12007,6.3
12009,7
12011,9.4
12013,5.4
12015,7.7
12017,8.9
12019,5.7
12021,7.3
12023,6.3
12027,5.4
12029,5.8
12031,7.2
12033,7.1
12035,7.9
12037,5.7
12039,7.3
12041,5.2
12043,6.1
12045,6.1
12047,8.2
12049,6.9
12051,8.8
12053,8.4
12055,8.2
12057,7.6
12059,5.8
12061,7.8
12063,5.8
12065,5.9
12067,4.6
12069,9.2
12071,7.7
12073,6.2
12075,6.4
12077,5.1
12079,6.5
12081,7.2
12083,7.4
12085,6.4
12086,8.2
12087,8.2
12089,5.9
12091,5.8
12093,5.7
12095,11.2
12097,14.1
12099,8
12101,7.5
12103,7.5
12105,9.6
12107,8.4
12109,5.4
12111,8.1
12113,5.5
12115,7.2
12117,7.6
12119,8.3
12121,6
12123,6.7
12125,5
12127,8
12129,4.7
12131,6.1
12133,6.1
13001,4.7
13003,3.9
13005,4.6
13007,5.9
13009,6.9
13011,4.3
13013,5
13015,6.2
13017,6.8
13019,5.7
13021,7.4
13023,6.4
13025,5.3
13027,5.2
13029,5.1
13031,6.5
13033,7.1
13035,6.1
13037,5.1
13039,4.8
13043,4.4
13045,6.3
13047,4.4
13049,3.8
13051,7.6
13053,6.3
13055,8.3
13057,4.8
13059,6.4
13061,12.2
13063,10.3
13065,3.9
13067,5.9
13069,5.8
13071,4.5
13073,4.2
13075,4.8
13077,6.1
13079,5.1
13081,9
13083,4.1
13085,4.6
13087,4.8
13089,7.9
13091,6
13093,9
13095,8.6
13097,7.3
13099,5.7
13101,3.9
13103,4.9
13105,6.9
13107,7
13109,5.1
13111,4.7
13113,5.4
13115,6.2
13117,4.5
13119,5.8
13121,7.9
13123,4.7
13125,4
13127,6.7
13129,5.4
13131,4.4
13133,5.8
13135,6.3
13137,5.4
13139,4.7
13141,8.8
13143,5.8
13145,4.5
13147,5.4
13149,6.5
13151,7.3
13153,5.2
13155,5.6
13157,4.3
13159,4.9
13161,5.1
13163,6.7
13165,6.3
13167,4.9
13169,4.5
13171,6.3
13173,5.3
13175,6.6
13177,4.5
13179,6.2
13181,5.4
13183,4.4
13185,6
13187,4.8
13189,7.9
13191,5.6
13193,7.6
13195,5
13197,5.1
13199,8.6
13201,4
13205,6.5
13207,5
13209,5.4
13211,5.3
13213,7.5
13215,7.8
13217,7.1
13219,3.7
13221,4.7
13223,5.3
13225,6.2
13227,4.7
13229,4.5
13231,4.9
13233,5.9
13235,4.7
13237,6.4
13239,6.3
13241,5.3
13243,5.9
13245,7.6
13247,7.6
13249,4.3
13251,8.1
13253,5
13255,7.5
13257,6.3
13259,5.6
13261,7.4
13263,6.7
13265,7.1
13267,4.3
13269,7.2
13271,9.8
13273,7.5
13275,6.2
13277,5
13279,6.5
13281,6.6
13283,6.1
13285,7.2
13287,7.2
13289,7.5
13291,4.4
13293,6.5
13295,4.9
13297,5.3
13299,5.5
13301,6.7
13303,6.4
13305,5.6
13307,5.6
13309,7.2
13311,4.3
13313,7.2
13315,6
13317,6.7
13319,5.3
13321,5.4
15001,11.4
15003,10.2
15007,16.2
15009,17.7
16001,5.5
16003,9.4
16005,5
16007,4.6
16009,7.6
16011,4
16013,7.9
16015,8
16017,7.8
16019,4.1
16021,6.4
16023,4.2
16025,5.8
16027,6
16029,3.9
16031,3.9
16033,3.4
16035,8.1
16037,5.3
16039,4.9
16041,3.8
16043,3.9
16045,6.1
16047,4
16049,6.7
16051,3.5
16053,4.3
16055,7.1
16057,4.9
16059,6.6
16061,7.9
16063,6.4
16065,2.8
16067,4
16069,5
16071,4.7
16073,6.2
16075,5.6
16077,4.4
16079,9.3
16081,5.8
16083,5.3
16085,8
16087,5.7
17001,6.4
17003,10.2
17005,7
17007,11.3
17009,3.9
17011,7.7
17013,8
17015,7.2
17017,6.8
17019,6.6
17021,8.2
17023,8.3
17025,9.5
17027,5.9
17029,7.5
17031,10.6
17033,7.1
17035,5.8
17037,8.3
17039,6.7
17041,5.7
17043,7.6
17045,6.9
17047,9
17049,6.6
17051,7.6
17053,6.7
17055,10.6
17057,8.6
17059,9.7
17061,6.8
17063,8.5
17065,7.1
17067,6.9
17069,10
17071,7
17073,7.9
17075,6.3
17077,7.8
17079,6.1
17081,10.2
17083,7.5
17085,8.3
17087,9.2
17089,9.2
17091,9
17093,8
17095,8.7
17097,8.1
17099,9.5
17101,9.9
17103,6.9
17105,6.8
17107,6.8
17109,7.2
17111,8
17113,6.9
17115,10
17117,7
17119,7.8
17121,9.3
17123,7.3
17125,8
17127,10.1
17129,6.5
17131,8.1
17133,5.6
17135,8.8
17137,6.9
17139,5.2
17141,8.2
17143,10.4
17145,9.6
17147,5.5
17149,6
17151,7.2
17153,11.9
17155,8.4
17157,7.1
17159,6.8
17161,9.5
17163,9.2
17165,9.9
17167,8.3
17169,6.4
17171,6.7
17173,6.7
17175,7.4
17177,7.4
17179,8.2
17181,8.2
17183,9.3
17185,9.7
17187,6.3
17189,5.3
17191,8.4
17193,8.1
17195,8.1
17197,9.1
17199,8.8
17201,11.5
17203,6.2
18001,5.7
18003,7.9
18005,6.7
18007,5.4
18009,8.1
18011,4.4
18013,6.9
18015,6.4
18017,7
18019,7.3
18021,6.7
18023,5.8
18025,7.3
18027,3.9
18029,7.1
18031,7.6
18033,7
18035,7.5
18037,4.6
18039,7.7
18041,9.9
18043,6.6
18045,6.7
18047,6
18049,6.7
18051,6.3
18053,6.5
18055,6.3
18057,4.8
18059,5.7
18061,6.4
18063,5.1
18065,6.7
18067,11.1
18069,6.7
18071,7.3
18073,7.2
18075,6.7
18077,7.6
18079,7.8
18081,5.7
18083,6.1
18085,6.3
18087,6.5
18089,10.5
18091,9.8
18093,7.1
18095,8.1
18097,8.1
18099,6.6
18101,4.4
18103,8.3
18105,5.7
18107,5.3
18109,5.6
18111,7
18113,8.5
18115,7.5
18117,11.3
18119,6.5
18121,5.6
18123,6.7
18125,5.9
18127,8.2
18129,5
18131,6.2
18133,6.4
18135,6.7
18137,6.5
18139,6.4
18141,8.6
18143,8.6
18145,7.4
18147,5.7
18149,8.2
18151,6.4
18153,7.1
18155,8.2
18157,6.6
18159,6.3
18161,5.6
18163,7.3
18165,7.7
18167,8
18169,6.2
18171,5.6
18173,5.5
18175,7.1
18177,6.9
18179,5.9
18181,5.2
18183,6.1
19001,3.9
19003,3.7
19005,5
19007,5.2
19009,3.4
19011,5
19013,6.1
19015,4
19017,3.8
19019,4.5
19021,3.6
19023,4.6
19025,4
19027,3.9
19029,3.8
19031,4.3
19033,5.1
19035,3.7
19037,4.6
19039,5.3
19041,4.4
19043,5.6
19045,6.6
19047,5.1
19049,3.5
19051,3.9
19053,3.8
19055,3.9
19057,7.3
19059,5
19061,5.7
19063,4.9
19065,5.4
19067,5.9
19069,3.7
19071,3
19073,4.2
19075,4.3
19077,4.9
19079,4.3
19081,4.6
19083,4.5
19085,4
19087,5.2
19089,4.4
19091,4.1
19093,3.5
19095,4.3
19097,6
19099,5.2
19101,5.4
19103,4.7
19105,5.6
19107,4.8
19109,3.7
19111,6.4
19113,6.2
19115,4.8
19117,3.6
19119,2.5
19121,5.6
19123,4.7
19125,4.1
19127,6.9
19129,3.9
19131,3.3
19133,4.7
19135,5.1
19137,4.6
19139,5.8
19141,3.3
19143,2.8
19145,4.9
19147,4.5
19149,3.5
19151,3.4
19153,5.9
19155,5.2
19157,4.8
19159,3.8
19161,3.5
19163,6.7
19165,3.5
19167,2.6
19169,3.5
19171,5
19173,3.6
19175,5.7
19177,4.5
19179,5.9
19181,4.5
19183,4
19185,4.4
19187,5.2
19189,6.3
19191,4.8
19193,5.2
19195,5.3
19197,3.9
20001,5.3
20003,4
20005,6.7
20007,3.2
20009,4.6
20011,5.7
20013,4.4
20015,6.5
20017,5.4
20019,6.1
20021,5.2
20023,2.1
20025,2
20027,4.4
20029,4
20031,5.1
20033,3.3
20035,6.5
20037,5.5
20039,3.6
20041,4.8
20043,4.6
20045,5.9
20047,2.9
20049,4.9
20051,3.4
20053,3.1
20055,3.3
20057,3.3
20059,5.3
20061,7
20063,2.6
20065,4.5
20067,4
20069,2.2
20071,1.7
20073,5.2
20075,1.6
20077,4.4
20079,5.3
20081,2.3
20083,2.5
20085,5.3
20087,4.8
20089,2.9
20091,5
20093,2.5
20095,5.3
20097,3.1
20099,5.6
20101,2.9
20103,5.8
20105,2.9
20107,7.1
20109,2.4
20111,4.6
20113,3.4
20115,4
20117,3
20119,2.7
20121,4.9
20123,2.6
20125,7.3
20127,3.9
20129,3
20131,2.8
20133,6.3
20135,3.3
20137,2.6
20139,5.1
20141,2.7
20143,4.1
20145,3.6
20147,3.3
20149,4.1
20151,3.5
20153,2.5
20155,5.4
20157,3.2
20159,4.1
20161,4.8
20163,3.9
20165,4.6
20167,4.1
20169,5.4
20171,2.4
20173,8.7
20175,4.2
20177,5.8
20179,2.3
20181,3.3
20183,2.6
20185,3.6
20187,2.2
20189,2.7
20191,8.2
20193,2.7
20195,3.4
20197,4.1
20199,2
20201,2.3
20203,1.9
20205,7.7
20207,6
20209,7.9
21001,7
21003,5.4
21005,5.9
21007,6.4
21009,7.4
21011,8.1
21013,7.6
21015,5.3
21017,5.7
21019,8.2
21021,7.1
21023,6.1
21025,10
21027,7.1
21029,6.2
21031,6.9
21033,6
21035,6.1
21037,5.4
21039,4.6
21041,5.8
21043,9.4
21045,6.1
21047,7.8
21049,6.4
21051,8.3
21053,5
21055,5.4
21057,4.8
21059,5.9
21061,7.5
21063,9.8
21065,7.4
21067,5.6
21069,7.2
21071,8.9
21073,6.4
21075,6.5
21077,5.9
21079,6.2
21081,6.9
21083,5.8
21085,7.6
21087,5.3
21089,8.7
21091,6
21093,7
21095,11.5
21097,6
21099,6.4
21101,6
21103,5.7
21105,5.2
21107,7.2
21109,8.4
21111,6.7
21113,5.5
21115,8.4
21117,5.6
21119,8.3
21121,8
21123,7.1
21125,6.8
21127,8.1
21129,6.8
21131,10.6
21133,9.9
21135,9.3
21137,7.8
21139,7.4
21141,5.4
21143,5.2
21145,6.9
21147,7.1
21149,5.6
21151,5.9
21153,15.7
21155,7.7
21157,6
21159,11.4
21161,7.8
21163,7
21165,8.7
21167,7.1
21169,7.7
21171,5.3
21173,7.8
21175,6.6
21177,8.5
21179,6.8
21181,6.8
21183,7
21185,4.7
21187,6.3
21189,9.4
21191,5.1
21193,8.7
21195,8.2
21197,7.2
21199,7.2
21201,5.9
21203,7.2
21205,7.3
21207,8.1
21209,6.1
21211,5.3
21213,7.1
21215,5.6
21217,5.9
21219,4.7
21221,6.8
21223,6.6
21225,6.2
21227,6.4
21229,6.2
21231,6.3
21233,6.3
21235,7
21237,7.5
21239,4.9
22001,7.7
22003,9.6
22005,7
22007,10.6
22009,8.4
22011,7.1
22013,8.1
22015,6.6
22017,9.4
22019,9.5
22021,7.8
22023,6.1
22025,7.5
22027,7
22029,8.7
22031,7.6
22033,8.2
22035,12.5
22037,7.1
22039,8.2
22041,8.6
22043,6.9
22045,10
22047,10.4
22049,5.7
22051,9.6
22053,8
22055,7.4
22057,6.9
22059,5.1
22061,6.6
22063,6.7
22065,9
22067,10.3
22069,7.2
22071,12.4
22073,7.8
22075,7.4
22077,8.3
22079,6.6
22081,6.6
22083,8.1
22085,5.9
22087,10.4
22089,8.1
22091,12.1
22093,10.3
22095,11.6
22097,9.1
22099,8.6
22101,9.6
22103,7
22105,10
22107,8.9
22109,8.1
22111,7.5
22113,7.8
22115,7.6
22117,8.6
22119,8.3
22121,7.5
22123,10.6
22125,5.8
22127,7.5
23001,5.1
23003,5.1
23005,4.9
23007,5.7
23009,5.4
23011,4.6
23013,5
23015,4.9
23017,6.1
23019,5
23021,5.1
23023,4.4
23025,6.2
23027,4.8
23029,5.8
23031,5
24001,7.4
24003,5.5
24005,6.5
24009,5
24011,5.3
24013,4.8
24015,5.6
24017,6.4
24019,6.3
24021,5.6
24023,6.3
24025,5.5
24027,4.9
24029,6.3
24031,6
24033,7.8
24035,5.2
24037,4.6
24039,8.1
24041,5.8
24043,6.5
24045,7.2
24047,10.9
24510,8.5
25001,10.7
25003,9.9
25005,10.7
25007,10.3
25009,10.3
25011,7.9
25013,10.9
25015,7.5
25017,7.6
25019,11.8
25021,8.7
25023,9.9
25025,10.2
25027,9.2
26001,10.4
26003,11.2
26005,7.6
26007,8
26009,10.1
26011,11.7
26013,12.3
26015,7.7
26017,9.5
26019,9.7
26021,9.1
26023,8.4
26025,10.1
26027,9.2
26029,10.2
26031,14.8
26033,9.4
26035,12
26037,6.8
26039,10.9
26041,9.1
26043,7.4
26045,7.9
26047,10.7
26049,11.6
26051,10.1
26053,8.1
26055,8.7
26057,8.3
26059,9.3
26061,7.6
26063,8.8
26065,7.8
26067,8.2
26069,10.9
26071,8.5
26073,8.7
26075,9.3
26077,7.6
26079,11.5
26081,7.9
26083,9.1
26085,11.2
26087,12.2
26089,8.2
26091,9.2
26093,8.6
26095,9
26097,13.6
26099,11.8
26101,11.3
26103,8.6
26105,9.6
26107,9.5
26109,6.7
26111,7.9
26113,9.5
26115,9.2
26117,9.5
26119,13.7
26121,11.9
26123,9
26125,9.1
26127,10.8
26129,11.3
26131,10.8
26133,8.6
26135,12.9
26137,10.6
26139,7.1
26141,11.5
26143,12.7
26145,10.3
26147,11.7
26149,9.4
26151,10
26153,10.1
26155,9.5
26157,10.4
26159,8.7
26161,6.7
26163,13.6
26165,10.5
27001,8.2
27003,6.4
27005,6.3
27007,6.4
27009,6.7
27011,4.8
27013,5.4
27015,5.2
27017,7.3
27019,5.2
27021,9.2
27023,5.2
27025,6.7
27027,4.4
27029,9.8
27031,8.4
27033,4.8
27035,7.3
27037,6.3
27039,5.5
27041,4.8
27043,6.2
27045,5.1
27047,5.7
27049,5.9
27051,5.4
27053,6.6
27055,4.4
27057,7.1
27059,6.8
27061,8.6
27063,5.3
27065,8.2
27067,4.9
27069,4.7
27071,7.5
27073,4.8
27075,7.3
27077,6.2
27079,6.9
27081,4.5
27083,4.5
27085,5.8
27087,13.2
27089,6.6
27091,5.4
27093,5.3
27095,8.6
27097,6.8
27099,5.1
27101,5.1
27103,4.9
27105,4.3
27107,6.4
27109,5.5
27111,5.5
27113,6.2
27115,8.7
27117,4.1
27119,5.7
27121,4.5
27123,7
27125,6.5
27127,5.6
27129,5.8
27131,5.4
27133,3.1
27135,5.8
27137,7.3
27139,5.9
27141,6.2
27143,5.7
27145,5.8
27147,5.5
27149,3.3
27151,5.9
27153,5.4
27155,4.5
27157,5.4
27159,7.8
27161,6.3
27163,5.7
27165,4.7
27167,4.2
27169,5
27171,5.6
27173,4.6
28001,10.8
28003,6.2
28005,8.3
28007,8.3
28009,8.2
28011,8.6
28013,8
28015,7.6
28017,10.7
28019,6.3
28021,14.2
28023,8.3
28025,11.5
28027,12.3
28029,8.2
28031,6.8
28033,5.9
28035,8
28037,8.2
28039,9
28041,9.6
28043,7.1
28045,8.3
28047,9.3
28049,9.3
28051,16
28053,14.5
28055,8.9
28057,6.9
28059,9.4
28061,8.8
28063,18.1
28065,9.5
28067,7
28069,9.5
28071,6
28073,5.9
28075,7.4
28077,8.6
28079,7.8
28081,8
28083,10.5
28085,7.3
28087,8.2
28089,6.4
28091,7
28093,7.5
28095,8.8
28097,7.9
28099,9.2
28101,7.8
28103,11
28105,7.6
28107,9.7
28109,7.1
28111,8.7
28113,8.8
28115,7.6
28117,6.8
28119,10.7
28121,5.2
28123,5.8
28125,10.7
28127,6.7
28129,5.7
28131,7.5
28133,11
28135,7.4
28137,7.5
28139,6.9
28141,6.5
28143,14.9
28145,7
28147,8.3
28149,8.6
28151,10.6
28153,8.6
28155,7.3
28157,12.9
28159,8.6
28161,7.7
28163,10.1
29001,5.2
29003,4.1
29005,4.1
29007,5.9
29009,6.6
29011,4.9
29013,5.4
29015,7.4
29017,5.7
29019,4.3
29021,5
29023,6.3
29025,5.4
29027,4.5
29029,7.1
29031,5.2
29033,5.6
29035,6.6
29037,5.4
29039,4.5
29041,4.1
29043,4.9
29045,6.1
29047,6.1
29049,6
29051,4.5
29053,5.5
29055,6.5
29057,4.4
29059,5.9
29061,4.3
29063,4.6
29065,4.9
29067,7.7
29069,7.4
29071,6.2
29073,5.8
29075,3.4
29077,5.4
29079,4.6
29081,4.6
29083,5.9
29085,5.1
29087,3.4
29089,4.2
29091,6.8
29093,7.1
29095,7.3
29097,5.8
29099,6.1
29101,5.7
29103,4
29105,8.3
29107,5.3
29109,6.1
29111,4.9
29113,6.2
29115,6.2
29117,3.8
29119,5.1
29121,4.9
29123,6.6
29125,4.9
29127,4.9
29129,3.6
29131,6.2
29133,5.4
29135,4.4
29137,6
29139,5
29141,6.3
29143,5.9
29145,5.9
29147,4.5
29149,6.9
29151,3.6
29153,7.3
29155,8.1
29157,5.6
29159,6.9
29161,4.8
29163,5.5
29165,5.5
29167,4.7
29169,5.7
29171,4.5
29173,4.5
29175,6
29177,6.9
29179,5.7
29181,7.9
29183,5.2
29185,6.3
29186,5
29187,7.1
29189,6.4
29195,4.6
29197,5.9
29199,3.3
29201,5.4
29203,7.3
29205,4.5
29207,5.9
29209,9.7
29211,4.4
29213,12.9
29215,5.8
29217,4.4
29219,5.8
29221,7.3
29223,6.2
29225,5.4
29227,4.1
29229,7
29510,8.8
30001,4
30003,7.2
30005,4.7
30007,6.2
30009,5.9
30011,2.8
30013,5.8
30015,3.8
30017,4.8
30019,2.8
30021,5.5
30023,5.1
30025,3.9
30027,4.5
30029,7.7
30031,5
30033,2.7
30035,9.6
30037,4.6
30039,8
30041,4.9
30043,5
30045,4.7
30047,6.1
30049,4.9
30051,2.7
30053,10
30055,2.8
30057,5
30059,4.7
30061,10
30063,6.2
30065,6.1
30067,7.3
30069,3.3
30071,4.8
30073,4.9
30075,3.1
30077,4.6
30079,6.6
30081,5.7
30083,6.4
30085,5.9
30087,5.6
30089,7.7
30091,4.8
30093,6.5
30095,5
30097,3.5
30099,4.3
30101,4.9
30103,3.5
30105,4.3
30107,7.1
30109,5.1
30111,5.4
31001,4
31003,2.2
31005,5.1
31007,3.1
31009,3.5
31011,2.5
31013,4.8
31015,2.8
31017,2.7
31019,4
31021,3.9
31023,3.4
31025,4.4
31027,2.7
31029,1.8
31031,2.5
31033,4.5
31035,3.3
31037,2.9
31039,2.6
31041,2.7
31043,4.8
31045,2.8
31047,3.4
31049,3.1
31051,3.3
31053,3.5
31055,5.1
31057,2.2
31059,2.8
31061,3.4
31063,2.9
31065,2.8
31067,4
31069,3.6
31071,2
31073,2.5
31075,1.9
31077,3
31079,5.8
31081,3.7
31083,2.9
31085,2.2
31087,3.5
31089,2.5
31091,2.7
31093,4.4
31095,2.8
31097,3.9
31099,3.3
31101,3.2
31103,2.2
31105,3.6
31107,3
31109,4.3
31111,4
31113,2.5
31115,3.2
31117,2.5
31119,3.9
31121,4
31123,3.6
31125,3.2
31127,3.6
31129,2.7
31131,3.6
31133,2.7
31135,1.8
31137,3
31139,3.3
31141,3.7
31143,3.1
31145,3.3
31147,3.3
31149,2.1
31151,3.6
31153,4.1
31155,3.7
31157,4.2
31159,4.1
31161,2.4
31163,3.2
31165,2.2
31167,3.4
31169,2.8
31171,4
31173,5.2
31175,2.8
31177,3.7
31179,2.8
31181,3.7
31183,1.9
31185,3.4
32001,5.8
32003,15.5
32005,9
32007,6
32009,5.3
32011,3.6
32013,5.1
32015,5
32017,5.2
32019,9
32021,5.8
32023,10.2
32027,4.9
32029,8.6
32031,8.2
32033,4.3
32510,8.7
33001,7
33003,7.7
33005,6.2
33007,7.9
33009,5.9
33011,7
33013,5.8
33015,7
33017,6.3
33019,5.4
34001,17.1
34003,9.2
34005,7.9
34007,9.7
34009,13.7
34011,10.4
34013,11.2
34015,8.9
34017,10.2
34019,6.9
34021,7.2
34023,8.5
34025,8.5
34027,7.5
34029,9.1
34031,12.1
34033,9.2
34035,7.5
34037,9
34039,9.5
34041,8.2
35001,7.6
35003,7
35005,7.6
35006,8.7
35007,6.7
35009,5.2
35011,4.5
35013,7.8
35015,6.5
35017,8.4
35019,6.4
35021,4
35023,5.5
35025,10.4
35027,8.5
35028,3.5
35029,15.3
35031,9.8
35033,7.6
35035,7.9
35037,7
35039,7.6
35041,5.8
35043,7.9
35045,9.4
35047,7.7
35049,7.7
35051,8.7
35053,6.7
35055,10.9
35057,8.9
35059,4.8
35061,7.7
36001,6.9
36003,7.8
36005,16
36007,8.3
36009,9.1
36011,7.6
36013,8.5
36015,8.4
36017,6.6
36019,7.7
36021,6
36023,7.7
36025,7
36027,7.3
36029,9.2
36031,7.9
36033,8
36035,8.3
36037,7.1
36039,8
36041,7.7
36043,7.9
36045,8.4
36047,12.5
36049,7.5
36051,6.8
36053,7.5
36055,8.2
36057,8.4
36059,8
36061,9.5
36063,10.1
36065,7.8
36067,8
36069,7
36071,8
36073,8.1
36075,8.6
36077,6.9
36079,7.2
36081,12.4
36083,6.7
36085,10.5
36087,7.7
36089,7.9
36091,6.4
36093,7.7
36095,6.8
36097,8.3
36099,7.8
36101,7.9
36103,8.1
36105,8.4
36107,7.5
36109,5.8
36111,7.7
36113,8.1
36115,6.9
36117,7.1
36119,8
36121,7.2
36123,6.3
37001,7.1
37003,7.4
37005,7.2
37007,7.6
37009,6.2
37011,6.2
37013,6.3
37015,6.3
37017,7.2
37019,8.7
37021,8.2
37023,7.1
37025,6.8
37027,7.8
37029,5.5
37031,6.2
37033,7.6
37035,7.9
37037,5.3
37039,7.8
37041,6
37043,7.3
37045,7.7
37047,8
37049,6.4
37051,9.3
37053,6.1
37055,9.8
37057,6.9
37059,6.6
37061,5.5
37063,6.3
37065,10.4
37067,7.3
37069,6.7
37071,7.9
37073,5.7
37075,9.8
37077,5.7
37079,5.6
37081,8.4
37083,9
37085,7.4
37087,7.4
37089,6.8
37091,6.8
37093,8.4
37095,10.3
37097,7.2
37099,7.5
37101,6.2
37103,5.6
37105,7.9
37107,6.1
37109,6.4
37111,6.9
37113,6.6
37115,6.8
37117,6.8
37119,7.6
37121,7.7
37123,6.6
37125,7.2
37127,8.2
37129,7.1
37131,7.2
37133,7.2
37135,5.3
37137,5.5
37139,7.2
37141,6.4
37143,6.7
37145,7.1
37147,6.7
37149,6.1
37151,7.2
37153,9
37155,8.7
37157,8.2
37159,7.9
37161,9.2
37163,5.8
37165,11.9
37167,6.2
37169,6.3
37171,6.8
37173,8.4
37175,6
37177,9.2
37179,5.9
37181,10
37183,6.3
37185,9.7
37187,8
37189,6.2
37191,6.3
37193,6.7
37195,8.7
37197,7
37199,6.5
38001,3.6
38003,3.7
38005,6.6
38007,3.7
38009,5.2
38011,3.3
38013,5.1
38015,4.2
38017,4.2
38019,3.3
38021,3.2
38023,3.1
38025,4.4
38027,4.5
38029,4.6
38031,3.3
38033,3
38035,4.4
38037,2.6
38039,2.8
38041,3.8
38043,4.9
38045,2.5
38047,3.1
38049,5.2
38051,3.1
38053,7.3
38055,4.3
38057,5.5
38059,4.9
38061,5
38063,4.3
38065,4.9
38067,5.5
38069,4.1
38071,4.3
38073,4
38075,4.7
38077,3.7
38079,13
38081,4.1
38083,5.6
38085,3.9
38087,2.8
38089,7
38091,2.8
38093,3.3
38095,2.7
38097,3.5
38099,4.3
38101,5.8
38103,4.1
38105,9.4
39001,9.3
39003,8.6
39005,6.5
39007,8.3
39009,7.6
39011,6.9
39013,10.1
39015,8.3
39017,7.3
39019,8.8
39021,7.2
39023,8.1
39025,6.9
39027,8.4
39029,9.4
39031,8.9
39033,9.3
39035,10.5
39037,6.7
39039,8.2
39041,5.4
39043,10.4
39045,6.6
39047,7.4
39049,7.6
39051,7.9
39053,8
39055,6.7
39057,6.5
39059,8.7
39061,7.9
39063,6.8
39065,8.1
39067,9.3
39069,8.1
39071,8.7
39073,7.5
39075,3.9
39077,9.5
39079,8.7
39081,10.1
39083,6.2
39085,8.4
39087,8.5
39089,6.6
39091,8.2
39093,9.8
39095,10.3
39097,6
39099,10.2
39101,7.6
39103,7.5
39105,9.7
39107,5.4
39109,7
39111,10.7
39113,8.7
39115,9.2
39117,7.2
39119,7.8
39121,9.7
39123,9.1
39125,7.5
39127,8.5
39129,6.9
39131,9.4
39133,7.3
39135,6.8
39137,5.6
39139,9
39141,8
39143,8.1
39145,8.7
39147,8.1
39149,7.7
39151,8.1
39153,8.3
39155,10.4
39157,7.5
39159,5.8
39161,7
39163,9.2
39165,6.4
39167,8.6
39169,5.9
39171,7.7
39173,7
39175,6.9
40001,6
40003,3.7
40005,7.3
40007,2.7
40009,7.8
40011,6.1
40013,5.2
40015,6.1
40017,6
40019,7.2
40021,5.6
40023,7.7
40025,2.1
40027,5.7
40029,7
40031,6.8
40033,7.2
40035,5.5
40037,6.7
40039,5.5
40041,5.4
40043,5
40045,4.6
40047,5.6
40049,6.4
40051,6.3
40053,3.4
40055,7.7
40057,3.6
40059,3.5
40061,8.1
40063,7.7
40065,4.2
40067,6.7
40069,7.8
40071,6.8
40073,4.5
40075,5.2
40077,10.3
40079,7.1
40081,5.8
40083,5.3
40085,4.3
40087,5.6
40089,6.8
40091,8.7
40093,4.9
40095,6.6
40097,5.2
40099,6.3
40101,6.2
40103,4.2
40105,5.4
40107,6.9
40109,6.6
40111,7.5
40113,6.7
40115,5.8
40117,6.7
40119,5.4
40121,7.8
40123,5.3
40125,6.3
40127,6.8
40129,5.2
40131,6
40133,7.6
40135,7
40137,8
40139,2.4
40141,6.4
40143,6.7
40145,5.9
40147,6
40149,6.9
40151,3.5
40153,7
41001,7.2
41003,5.6
41005,7.2
41007,9.5
41009,7.9
41011,8.6
41013,8.8
41015,8.7
41017,7.9
41019,7.8
41021,6.2
41023,8.4
41025,6
41027,6.3
41029,7.8
41031,8.3
41033,7.9
41035,8.7
41037,5.7
41039,7.9
41041,10.8
41043,7.7
41045,5.3
41047,7
41049,5.2
41051,8.6
41053,6.5
41055,6.2
41057,8
41059,6.8
41061,7.9
41063,7.2
41065,7.1
41067,6.5
41069,4.5
41071,6.8
42001,6.7
42003,8.8
42005,9.6
42007,10.1
42009,8.8
42011,9.2
42013,8.5
42015,7.3
42017,8.1
42019,7.6
42021,9.3
42023,12.2
42025,9.5
42027,5.7
42029,6.2
42031,8.1
42033,8.9
42035,8.5
42037,7.9
42039,8.7
42041,6.5
42043,8.7
42045,9
42047,11.9
42049,9.6
42051,11.5
42053,10.3
42055,7.4
42057,11.6
42059,9.5
42061,10.2
42063,8.8
42065,8.5
42067,7
42069,9.4
42071,7.3
42073,10.1
42075,7.7
42077,9.3
42079,10.7
42081,8.6
42083,9.6
42085,9.4
42087,8.2
42089,11.2
42091,7.4
42093,6.1
42095,8.7
42097,9.1
42099,6.6
42101,12.2
42103,10.3
42105,9.1
42107,9
42109,7.4
42111,9.2
42113,8.3
42115,7.1
42117,8.8
42119,6.6
42121,8.7
42123,7.9
42125,9.1
42127,8.9
42129,8.9
42131,8.2
42133,7.8
44001,7.4
44003,8.6
44005,8
44007,10
44009,7.6
45001,6.4
45003,4.8
45005,9.2
45007,5.7
45009,8.7
45011,7.1
45013,5.3
45015,5.4
45017,6
45019,6.1
45021,7.8
45023,8.8
45025,5.9
45027,6.5
45029,5.9
45031,6.3
45033,5.9
45035,5.6
45037,5
45039,7.8
45041,5.4
45043,7.3
45045,5.5
45047,6.2
45049,4.8
45051,8.4
45053,4.9
45055,5.1
45057,6.6
45059,6.7
45061,7.4
45063,4.2
45065,6.5
45067,7.6
45069,9.4
45071,4.6
45073,5.2
45075,8.8
45077,5.1
45079,5.7
45081,4.2
45083,6.3
45085,6.5
45087,8.9
45089,8
45091,5.8
46003,2.9
46005,3.4
46007,4.6
46009,3.6
46011,3.9
46013,4
46015,4
46017,7.4
46019,4.9
46021,3.2
46023,5.7
46025,3.6
46027,4.1
46029,4.4
46031,4.4
46033,5.5
46035,3.7
46037,5.1
46039,4.8
46041,6.7
46043,2.6
46045,2.6
46047,5.3
46049,3.1
46051,3.6
46053,3.4
46055,2.3
46057,3.1
46059,2.3
46061,4.6
46063,3.2
46065,3
46067,3.4
46069,2.8
46071,3.8
46073,2.2
46075,3.3
46077,3.3
46079,3.4
46081,5.7
46083,3.3
46085,5.2
46087,3.4
46089,4.6
46091,4.3
46093,4.5
46095,5.6
46097,4.3
46099,4.1
46101,4.7
46102,8.8
46103,4.8
46105,3.3
46107,2.9
46109,5.7
46111,3.6
46115,3.6
46117,3.4
46119,2.5
46121,5.8
46123,2.8
46125,3.6
46127,4.5
46129,5.5
46135,4.1
46137,4.1
47001,6.7
47003,8
47005,7.9
47007,8.4
47009,6.4
47011,6.6
47013,7.6
47015,6.5
47017,7.4
47019,6.8
47021,5.7
47023,5.5
47025,7.4
47027,7.7
47029,10.3
47031,7.9
47033,5.7
47035,7.5
47037,8.2
47039,8.6
47041,9.2
47043,6
47045,7.9
47047,6.2
47049,6.3
47051,8
47053,6.8
47055,8.3
47057,7.1
47059,8.1
47061,9.9
47063,7.1
47065,7.1
47067,8.2
47069,7.9
47071,6.9
47073,7.7
47075,8.7
47077,8
47079,7.1
47081,5.8
47083,7.8
47085,6.1
47087,7.9
47089,7.5
47091,6.3
47093,5.9
47095,8.1
47097,8.8
47099,7.7
47101,7.5
47103,8.4
47105,6.2
47107,7.8
47109,8.4
47111,6.5
47113,7.5
47115,7.5
47117,9.1
47119,8.1
47121,8.7
47123,8
47125,7.6
47127,5.3
47129,6.3
47131,6.8
47133,6.3
47135,9.6
47137,6
47139,6.8
47141,6.5
47143,9.6
47145,6.3
47147,6.1
47149,7
47151,8.4
47153,7.8
47155,9.7
47157,9.6
47159,6.1
47161,6.3
47163,7.1
47165,6.5
47167,6.7
47169,6.2
47171,7.9
47173,6.8
47175,8.5
47177,8.9
47179,6.3
47181,6.8
47183,5.7
47185,7.1
47187,4.7
47189,6.3
48001,5.7
48003,8.2
48005,7.6
48007,8.4
48009,5.3
48011,4.2
48013,8.6
48015,6.7
48017,4.8
48019,5.8
48021,6
48023,3.4
48025,9.9
48027,7
48029,7.6
48031,3.9
48033,3.4
48035,5.5
48037,7.4
48039,8.6
48041,5.3
48043,6.6
48045,4.7
48047,10.7
48049,6.5
48051,6.4
48053,4.8
48055,6.5
48057,5.8
48059,5.5
48061,10.1
48063,7.4
48065,4.2
48067,7.9
48069,3.6
48071,9.4
48073,7.9
48075,3.7
48077,5.5
48079,7.2
48081,5.5
48083,7.4
48085,6.3
48087,4.2
48089,5.6
48091,6.1
48093,5.5
48095,4.5
48097,7.1
48099,6.6
48101,4.9
48103,13.7
48105,8.9
48107,5.3
48109,6.6
48111,2.8
48113,7.8
48115,8.7
48117,3.6
48119,5.5
48121,6.4
48123,6.1
48125,6.2
48127,6.4
48129,4.4
48131,12.2
48133,6.8
48135,11.1
48137,3.6
48139,6
48141,8.3
48143,5.7
48145,6.1
48147,4.7
48149,4.7
48151,4.5
48153,6.2
48155,4
48157,7.6
48159,5.3
48161,8.4
48163,5.7
48165,5.6
48167,8.8
48169,6.8
48171,4.8
48173,3.6
48175,7.8
48177,5.4
48179,8.1
48181,5.9
48183,8.3
48185,8.1
48187,6.1
48189,6.8
48191,5.8
48193,4.6
48195,3.5
48197,4.4
48199,8.9
48201,9
48203,7.9
48205,2
48207,4.3
48209,6.3
48211,4.6
48213,6.4
48215,11.7
48217,6.3
48219,8
48221,6.6
48223,5.1
48225,5.3
48227,8.1
48229,8.1
48231,6.6
48233,7.2
48235,6
48237,7
48239,5.8
48241,11.2
48243,5.1
48245,12
48247,9.6
48249,13
48251,6.5
48253,7.1
48255,6.3
48257,6.4
48259,5.1
48261,5.6
48263,3.9
48265,5.9
48267,5
48269,1.7
48271,6
48273,8.5
48275,5.6
48277,6.4
48279,5.2
48281,5.4
48283,6.7
48285,5.2
48287,4.9
48289,7.8
48291,10.5
48293,7.1
48295,4.1
48297,7.5
48299,5.8
48301,1.7
48303,5.8
48305,5.5
48307,7.6
48309,6.2
48311,2.8
48313,7.2
48315,8.3
48317,6.1
48319,5.6
48321,10.5
48323,15.1
48325,6.3
48327,5.1
48329,8.1
48331,7.2
48333,4.1
48335,7.9
48337,6.6
48339,7.5
48341,3.7
48343,11.2
48345,4.4
48347,6.6
48349,6.2
48351,11.2
48353,5.4
48355,8.9
48357,5.8
48359,3.9
48361,10.6
48363,7
48365,8.4
48367,5.8
48369,2.6
48371,8.3
48373,8.8
48375,5.5
48377,14.9
48379,4.7
48381,4.5
48383,9.8
48385,6.5
48387,6.4
48389,7.2
48391,8.3
48393,4.5
48395,6.4
48397,5.9
48399,4.9
48401,7.4
48403,10.8
48405,9.6
48407,8.1
48409,10.2
48411,5.2
48413,7
48415,8.2
48417,5.3
48419,6.8
48421,3.1
48423,6.8
48425,6.5
48427,17.5
48429,6.1
48431,6.5
48433,5.1
48435,9.8
48437,5.2
48439,7.4
48441,5.5
48443,4.5
48445,7.3
48447,4.7
48449,6.7
48451,6.3
48453,6.4
48455,8.1
48457,9.9
48459,7.7
48461,5.7
48463,6.4
48465,8.3
48467,6.2
48469,8.3
48471,7.2
48473,7.6
48475,9.5
48477,5.7
48479,8.5
48481,6.8
48483,6.1
48485,6.6
48487,5.9
48489,12
48491,5.8
48493,5.7
48495,9.4
48497,6.6
48499,6.6
48501,12
48503,5.3
48505,12.2
48507,14.3
49001,4.1
49003,4.5
49005,3
49007,5.4
49009,4.6
49011,4.2
49013,8
49015,4.8
49017,10.4
49019,9.6
49021,4.6
49023,3
49025,5.4
49027,3.3
49029,3.4
49031,6.2
49033,3.5
49035,5.2
49037,10.5
49039,3.8
49041,4.3
49043,7.4
49045,4.8
49047,9.5
49049,3.9
49051,6.6
49053,5.5
49055,7.7
49057,4.9
50001,4.6
50003,6.5
50005,6
50007,4.7
50009,7.6
50011,5.1
50013,5.8
50015,7.7
50017,5.2
50019,7.6
50021,6.7
50023,4.9
50025,6.7
50027,5.9
51001,6.7
51003,5.5
51005,6.8
51007,6
51009,5.8
51011,5.9
51013,4.6
51015,4.8
51017,10.3
51019,5.3
51021,5.8
51023,4.7
51025,8.2
51027,9.8
51029,7.6
51031,6
51033,6.9
51035,8.5
51036,6.9
51037,5.8
51041,6.1
51043,4.7
51045,5.3
51047,5.1
51049,6.3
51051,8.2
51053,6.6
51057,7.2
51059,6
51061,4.9
51063,5.2
51065,5.4
51067,5.6
51069,4.8
51071,6.4
51073,5.6
51075,5
51077,5.9
51079,5.4
51081,6.9
51083,7.3
51085,5
51087,6.7
51089,7.9
51091,3.9
51093,5.2
51095,7.1
51097,5.3
51099,4.6
51101,5.5
51103,7.5
51105,6.6
51107,5.5
51109,5.4
51111,5.5
51113,3.9
51115,5.1
51117,7
51119,5.3
51121,4.9
51125,5.9
51127,4.7
51131,8.1
51133,6.6
51135,5.2
51137,5.8
51139,7.6
51141,7.1
51143,6.7
51145,5
51147,6.7
51149,6.7
51153,6.7
51155,8.1
51157,4.7
51159,5
51161,5.3
51163,5.7
51165,4.9
51167,6.9
51169,5.5
51171,5.5
51173,6.7
51175,5.1
51177,6.2
51179,5.8
51181,5.9
51183,8.9
51185,7.9
51187,6
51191,6
51193,6
51195,7.8
51197,8
51199,5.7
51510,6.2
51520,7.8
51530,5.8
51540,6.7
51550,6.3
51570,7.4
51580,9.9
51590,10
51595,11.4
51600,6
51610,3.9
51620,8.6
51630,7.4
51640,8
51650,8.8
51660,6.6
51670,11.2
51678,7.2
51680,7.5
51683,6.8
51685,6.9
51690,11.3
51700,9
51710,9
51720,7.6
51730,14.7
51735,4.3
51740,9.8
51750,6.5
51760,9.1
51770,7.9
51775,6
51790,6.5
51800,6.6
51810,6.4
51820,6.8
51830,8.4
51840,6.1
53001,7.2
53003,5.1
53005,8.2
53007,8.3
53009,10.2
53011,8.4
53013,7.3
53015,9.3
53017,8.4
53019,11.5
53021,8.9
53023,8.4
53025,8.8
53027,11.7
53029,8.2
53031,9.4
53033,7.8
53035,7.7
53037,8.9
53039,8.2
53041,9.4
53043,6.7
53045,9.9
53047,8.9
53049,10.9
53051,10.4
53053,9.6
53055,8.1
53057,9.8
53059,9.2
53061,8.8
53063,8.7
53065,9.3
53067,8.2
53069,8.7
53071,6.8
53073,9.3
53075,5.7
53077,9.6
54001,8.2
54003,6.1
54005,10.4
54007,10.2
54009,8.8
54011,7.9
54013,15.9
54015,12.4
54017,6
54019,9.9
54021,10.1
54023,6.4
54025,8
54027,5.4
54029,9.9
54031,7.1
54033,7.8
54035,8.6
54037,5.9
54039,8.7
54041,10.8
54043,10
54045,12
54047,12.3
54049,8.6
54051,9.9
54053,8.4
54055,9.2
54057,7.5
54059,14.2
54061,6.3
54063,7
54065,6
54067,10.4
54069,8.3
54071,4.9
54073,11.1
54075,9.1
54077,7.3
54079,7.3
54081,8.8
54083,9.1
54085,8.3
54087,12.2
54089,7.7
54091,7.3
54093,8.3
54095,10.6
54097,9.4
54099,8.3
54101,9.3
54103,10
54105,10.7
54107,8.7
54109,9.8
55001,9.8
55003,8.8
55005,6.2
55007,9.4
55009,6.2
55011,7.6
55013,9.2
55015,4.8
55017,6.4
55019,4.6
55021,6
55023,7.5
55025,4.9
55027,5.4
55029,7
55031,9.3
55033,5.7
55035,5.7
55037,8.2
55039,6
55041,12.8
55043,5.3
55045,5
55047,7
55049,6.2
55051,11.5
55053,9.5
55055,5.6
55057,7.4
55059,7.2
55061,4.7
55063,5.5
55065,4.4
55067,6.6
55069,6.1
55071,6.3
55073,5.1
55075,8
55077,6.9
55078,15.7
55079,8.4
55081,5.7
55083,6.4
55085,7.4
55087,5.6
55089,5.5
55091,6
55093,7.1
55095,7.3
55097,5.5
55099,6.9
55101,7.4
55103,5.2
55105,7.3
55107,6.8
55109,7.2
55111,7.7
55113,8
55115,6.5
55117,5.8
55119,5
55121,7.1
55123,5.3
55125,7.3
55127,6.2
55129,7
55131,5.7
55133,5.7
55135,5.6
55137,6.5
55139,5.6
55141,6.8
56001,3.8
56003,5
56005,6.9
56007,4.6
56009,6
56011,3.9
56013,6.3
56015,4.4
56017,5
56019,5.6
56021,5.2
56023,5
56025,7.9
56027,3.7
56029,5.4
56031,5.1
56033,5
56035,7.3
56037,7.5
56039,5.9
56041,6.4
56043,5.3
56045,3.9
