FIPS,PRES_DEM_RATIO
1001,0.274423032999
1003,0.227317288518
1005,0.4613910615444
1007,0.2088108509779
1009,0.0965229794383
1011,0.7504355311394
1013,0.4207789301872
1015,0.3024027645588
1017,0.4210213124752
1019,0.1330384165049
1021,0.1604029685259
1023,0.4212582409382
1025,0.4400183558464
1027,0.1844787448645
1029,0.0942869111896
1031,0.2309897542
1033,0.3028751909733
1035,0.462858915329
1037,0.3309378921986
1039,0.1572196185589
1041,0.2589884102345
1043,0.1082740947604
1045,0.2654958069324
1047,0.6888588666916
1049,0.1473767608404
1051,0.2557795345783
1053,0.3115221261978
1055,0.2456099390984
1057,0.1604370325804
1059,0.167388856411
1061,0.1281845271587
1063,0.8161378502846
1065,0.5936346054077
1067,0.2828611731529
1069,0.2836719155312
1071,0.1589344441891
1073,0.5668343901634
1075,0.1367449611425
1077,0.2730543613434
1079,0.2242508232594
1081,0.3975400030613
1083,0.2829938828945
1085,0.7303172945976
1087,0.8218291401863
1089,0.4592404663563
1091,0.5066937208176
1093,0.107038334012
1095,0.1518628299236
1097,0.4397704601288
1099,0.4202037453651
1101,0.6595360040665
1103,0.2501795887947
1105,0.7424504756927
1107,0.4182612299919
1109,0.41204854846
1111,0.2047017216682
1113,0.5323345065117
1115,0.1763607412577
1117,0.2944904863834
1119,0.7441562414169
1121,0.371413230896
1123,0.2813850641251
1125,0.424889177084
1127,0.1567648202181
1129,0.2559510171413
1131,0.6883183121681
1133,0.0872056558728
4001,0.6705915927887
4003,0.4002766013145
4005,0.6229686141014
4007,0.3273425996304
4009,0.2728810012341
4011,0.3269709646702
4012,0.3035981059074
4013,0.5110754370689
4015,0.2402240633965
4017,0.4581308662891
4019,0.5948075056076
4021,0.4122558236122
4023,0.67959856987
4025,0.3514656722546
4027,0.4685499966145
5001,0.2969617843628
5003,0.2769451439381
5005,0.2264178544283
5007,0.3635448515415
5009,0.1832974404097
5011,0.342068195343
5013,0.22647754848
5015,0.3514457941055
5017,0.5633100867271
5019,0.426868647337
5021,0.1905705183744
5023,0.1614160388708
5025,0.1850483268499
5027,0.338465243578
5029,0.314718991518
5031,0.3180714547634
5033,0.2104302793741
5035,0.5372625589371
5037,0.2637689709663
5039,0.3797318637371
5041,0.51206505298610006
5043,0.3580811917782
5045,0.3476917743683
5047,0.1863265037537
5049,0.2071657329798
5051,0.3257642388344
5053,0.1572810709476
5055,0.194430321455
5057,0.3235472142696
5059,0.2508954703808
5061,0.284682393074
5063,0.1996300518513
5065,0.1806440204382
5067,0.2753126323223
5069,0.6114194989204
5071,0.2475870251656
5073,0.3231895267963
5075,0.1911842823029
5077,0.5252860784531
5079,0.274395108223
5081,0.2481279075146
5083,0.1933625489473
5085,0.2261075377464
5087,0.2164520174265
5089,0.2093245834112
5091,0.2626043856144
5093,0.3845115602016
5095,0.4260772764683
5097,0.1935398429632
5099,0.3353069424629
5101,0.1817482709885
5103,0.4300785958767
5105,0.2253395617008
5107,0.5998344421387
5109,0.154696136713
5111,0.1939526051283
5113,0.1504649221897
5115,0.2419821470976
5117,0.1901162862778
5119,0.6154956221581
5121,0.1849315017462
5123,0.5264387726784
5125,0.2887658178806
5127,0.1402031928301
5129,0.1487477868795
5131,0.3171062767506
5133,0.223199993372
5135,0.190567061305
5137,0.2035886794329
5139,0.3476528525352
5141,0.2088632434607
5143,0.4798528254032
5145,0.198209553957
5147,0.3568153381348
5149,0.1972350180149
6001,0.8192111849785
6003,0.6611111164093
6005,0.3750574886799
6007,0.5085521936417
6009,0.3781810104847
6011,0.4153629243374
6013,0.7314475178719
6015,0.4199137985706
6017,0.4549749195576
6019,0.5399466753006
6021,0.3612768948078
6023,0.6728185415268
6025,0.6245474815369
6027,0.5007564425468
6029,0.4477623105049
6031,0.437188744545
6033,0.5323902368546
6035,0.2378281950951
6037,0.7255830764771
6039,0.440908908844
6041,0.8390320539474
6043,0.4072524309158
6045,0.6844871640205
6047,0.5542720556259
6049,0.2700164318085
6051,0.6149249076843
6053,0.7110862731934
6055,0.7066943049431
6057,0.5758655667305
6059,0.5461289286613
6061,0.4659504592419
6063,0.4144103229046
6065,0.5405101180077
6067,0.6295341849327
6069,0.6247076392174
6071,0.5544947385788
6073,0.6164906024933
6075,0.8701783418655
6077,0.5709320306778
6079,0.5670129656792
6081,0.7940939068794
6083,0.6640964150429
6085,0.7422322630882
6087,0.8092050552368
6089,0.3304364979267
6091,0.3899572789669
6093,0.419219493866
6095,0.6550996303558
6097,0.7638130784035
6099,0.5040383934975
6101,0.4160557687283
6103,0.3176600635052
6105,0.4720980226994
6107,0.4600721001625
6109,0.4037482738495
6111,0.6078119874001
6113,0.7123827338219
6115,0.3885006606579
8001,0.5838449001312
8003,0.4964342415333
8005,0.6265420913696
8007,0.4187296926975
8009,0.1451465189457
8011,0.3275167644024
8013,0.7891710996628
8014,0.6408578157425
8015,0.5350470542908
8017,0.1165480390191
8019,0.5668449401855
8021,0.4614841043949
8023,0.6388888955116
8025,0.2558548152447
8027,0.3100948035717
8029,0.3103648126125
8031,0.8139362335205
8033,0.2384615391493
8035,0.4632242023945
8037,0.6526685357094
8039,0.2424798905849
8041,0.4439549446106
8043,0.2961102724075
8045,0.511776804924
8047,0.5480769276619
8049,0.4909830093384
8051,0.6562988758087
8053,0.4194079041481
8055,0.4851600825787
8057,0.204439252615
8059,0.5953878164291
8061,0.1097424402833
8063,0.1739358901978
8065,0.6060526371002
8067,0.5907823443413
8069,0.5795716047287
8071,0.4494280815125
8073,0.1804222613573
8075,0.2152353227139
8077,0.3566210567951
8079,0.4260752797127
8081,0.1750327348709
8083,0.3854180276394
8085,0.3143067359924
8087,0.287771910429
8089,0.3851084411144
8091,0.5999492406845
8093,0.412224650383
8095,0.198854342103
8097,0.7637861967087
8099,0.2667398452759
8101,0.5088347196579
8103,0.1548867970705
8105,0.4053615033627
8107,0.6410613656044
8109,0.5714285969734
8111,0.6286764740944
8113,0.7754940986633
8115,0.2116736918688
8117,0.7035592794418
8119,0.3195108771324
8121,0.1244939267635
8123,0.4072624146938
8125,0.1604660600424
9001,0.6384912729263
9003,0.6405360102654
9005,0.4742967784405
9007,0.5829786658287
9009,0.5881611704826
9011,0.5818231105804
9013,0.5589512586594
9015,0.4781993627548
10001,0.5207045078278
10003,0.6881982088089
10005,0.4431327879429
11001,0.9446695446968
12001,0.6376638412476
12003,0.1460424363613
12005,0.2792903780937
12007,0.2341781556606
12009,0.4167667329311
12011,0.6498396992683
12013,0.1864877343178
12015,0.3659493029118
12017,0.2930639088154
12019,0.3120353221893
12021,0.3757594227791
12023,0.2721832096577
12027,0.3387686908245
12029,0.1680206805468
12031,0.5193227529526
12033,0.4231964945793
12035,0.3954974412918
12037,0.3119941055775
12039,0.6839275360107
12041,0.1771756112576
12043,0.2680472135544
12045,0.2451222538948
12047,0.3397369384766
12049,0.2729216217995
12051,0.3840280473232
12053,0.3476202487946
12055,0.3269189894199
12057,0.5347907543182
12059,0.1026210561395
12061,0.3912899494171
12063,0.3040352165699
12065,0.4652578830719
12067,0.1401869207621
12069,0.3988507986069
12071,0.4033718705177
12073,0.6430825591087
12075,0.2703232467175
12077,0.1960452049971
12079,0.4019092619419
12081,0.4190785288811
12083,0.3693335354328
12085,0.3762249946594
12086,0.5369476079941
12087,0.4599361121655
12089,0.2677447199821
12091,0.3002998828888
12093,0.2767969667912
12095,0.6168122887611
12097,0.5697312951088
12099,0.5643389225006
12101,0.3986454308033
12103,0.5011207461357
12105,0.4270731806755
12107,0.2920840084553
12109,0.3652829527855
12111,0.4921213388443
12113,0.2629789412022
12115,0.4473703801632
12117,0.5141347646713
12119,0.3185707032681
12121,0.2146446555853
12123,0.2287562191486
12125,0.1702230870724
12127,0.4289642572403
12129,0.2936076819897
12131,0.2388356178999
12133,0.1920150518417
13001,0.214208304882
13003,0.2639999985695
13005,0.13461124897
13007,0.4209167063236
13009,0.5065676569939
13011,0.1067950055003
13013,0.280564725399
13015,0.2429771274328
13017,0.3678868114948
13019,0.1650624275208
13021,0.6205016374588
13023,0.2324880361557
13025,0.090897269547
13027,0.3957446813583
13029,0.3211647570133
13031,0.3794593214989
13033,0.4909982085228
13035,0.2803082168102
13037,0.577187359333
13039,0.3431389331818
13043,0.2882780432701
13045,0.3023048043251
13047,0.2159568816423
13049,0.2439186275005
13051,0.5951281785965
13053,0.4311570823193
13055,0.1869328469038
13057,0.30055975914
13059,0.7139065861702
13061,0.5536089539528
13063,0.8579105138779
13065,0.2619214653969
13067,0.5727940797806
13069,0.2989594936371
13071,0.2622776329517
13073,0.3689131736755
13075,0.2958758473396
13077,0.3197686076164
13079,0.2672513723373
13081,0.3745139837265
13083,0.1721031814814
13085,0.1565096974373
13087,0.4142832458019
13089,0.8407719731331
13091,0.2709009349346
13093,0.46953317523
13095,0.7015786170959
13097,0.6271461844444
13099,0.4723783731461
13101,0.1173576936126
13103,0.2484072297812
13105,0.3161998987198
13107,0.3056703805923
13109,0.3143399953842
13111,0.1744233369827
13113,0.4655927419662
13115,0.2919452488422
13117,0.3314588665962
13119,0.1494091153145
13121,0.7352541685104
13123,0.1792066544294
13125,0.0994865223765
13127,0.3826726078987
13129,0.1842868626118
13131,0.3397165238857
13133,0.3664395809174
13135,0.5923647880554
13137,0.1763861328363
13139,0.2806134521961
13141,0.7203185558319
13143,0.1268852204084
13145,0.2759405374527
13147,0.2501386702061
13149,0.1543071120977
13151,0.6032783389091
13153,0.4369492828846
13155,0.2433606982231
13157,0.2057675272226
13159,0.2322299927473
13161,0.1796260774136
13163,0.5344827771187
13165,0.3694193065166
13167,0.3000982403755
13169,0.3290917575359
13171,0.2923420965672
13173,0.2888321876526
13175,0.3577505946159
13177,0.2751584649086
13179,0.6220439076424
13181,0.3110099732876
13183,0.3655817210674
13185,0.4391590952873
13187,0.2044607251883
13189,0.4032117724419
13191,0.3940857052803
13193,0.615732729435
13195,0.2314582318068
13197,0.3655883967876
13199,0.3965405523777
13201,0.2660745978355
13205,0.4473684132099
13207,0.2838642895222
13209,0.248540237546
13211,0.2895986139774
13213,0.1510003209114
13215,0.6223956346512
13217,0.555205643177
13219,0.3296845257282
13221,0.3034001886845
13223,0.3526576459408
13225,0.4765738248825
13227,0.1663211584091
13229,0.1222358047962
13231,0.1415538042784
13233,0.2120948582888
13235,0.3025857806206
13237,0.2937217950821
13239,0.4514078199863
13241,0.2097695022821
13243,0.5457217693329
13245,0.6882486343384
13247,0.7059833407402
13249,0.2042440325022
13251,0.40459176898
13253,0.3244501948357
13255,0.3948929309845
13257,0.2029269188643
13259,0.5960665941238
13261,0.5243153572083
13263,0.6029663681984
13265,0.6091205477715
13267,0.2540054321289
13269,0.3645203709602
13271,0.3448515832424
13273,0.5424657464027
13275,0.4019942879677
13277,0.3304358720779
13279,0.2718527317047
13281,0.1953617334366
13283,0.3118244409561
13285,0.3895561993122
13287,0.375099748373
13289,0.4630720317364
13291,0.1812710314989
13293,0.3279725313187
13295,0.1993228048086
13297,0.2510094344616
13299,0.2991617023945
13301,0.5574952363968
13303,0.5035665035248
13305,0.2120088338852
13307,0.4607065618038
13309,0.30325704813
13311,0.1647645682096
13313,0.2938908040524
13315,0.264012247324
13317,0.4334738254547
13319,0.4378560781479
13321,0.2596206068993
15001,0.6858854293823
15003,0.6367790102959
15005,NA
15007,0.6469655632973
15009,0.6813238859177
16001,0.4797801375389
16003,0.2334123253822
16005,0.3862362802029
16007,0.1072303950787
16009,0.201235845685
16011,0.2123693227768
16013,0.6886726617813
16015,0.2567711770535
16017,0.3114809393883
16019,0.2738047242165
16021,0.1981484442949
16023,0.1352518051863
16025,0.2271341532469
16027,0.2953103482723
16029,0.1291579306126
16031,0.1562266498804
16033,0.1344262361526
16035,0.2025404125452
16037,0.2239970266819
16039,0.2641413509846
16041,0.1010458320379
16043,0.1524595171213
16045,0.1848472356796
16047,0.2123415023088
16049,0.1662938147783
16051,0.1207122057676
16053,0.2481971979141
16055,0.2789705097675
16057,0.5193830132484
16059,0.2231833934784
16061,0.1898803114891
16063,0.2198619246483
16065,0.1643143296242
16067,0.1983365267515
16069,0.3273599743843
16071,0.1038798466325
16073,0.1760517805815
16075,0.1960446387529
16077,0.29017108678819997
16079,0.286512106657
16081,0.537240922451
16083,0.2661244571209
16085,0.4298714399338
16087,0.2052802741528
17001,0.2627766132355
17003,0.4284615516663
17005,0.2891444563866
17007,0.4316069483757
17009,0.2010757178068
17011,0.3904566764832
17013,0.2486228495836
17015,0.3499299585819
17017,0.3082061111927
17019,0.6179292201996
17021,0.2726758122444
17023,0.242486923933
17025,0.1670612543821
17027,0.2390275001526
17029,0.3649565577507
17031,0.7555999159813
17033,0.238182798028
17035,0.1988507807255
17037,0.5294104814529
17039,0.2800715863705
17041,0.2727166414261
17043,0.5922545194626
17045,0.2335396111012
17047,0.1469436883926
17049,0.1984830647707
17051,0.184799104929
17053,0.2578653395176
17055,0.2589489817619
17057,0.3972510695457
17059,0.23551684618
17061,0.2204608619213
17063,0.3681211471558
17065,0.1936090290546
17067,0.251057356596
17069,0.2098130881786
17071,0.3314716517925
17073,0.3903653919697
17075,0.2109539359808
17077,0.5065923333168
17079,0.1830576211214
17081,0.2697260677814
17083,0.2536622881889
17085,0.4162118136883
17087,0.2020504772663
17089,0.5735675692558
17091,0.4153638184071
17093,0.5293329358101
17095,0.4712486863136
17097,0.6227588653564
17099,0.427019327879
17101,0.225059479475
17103,0.3995136320591
17105,0.2743268013
17107,0.2959309518337
17109,0.4153423607349
17111,0.4872018694878
17113,0.5203173756599
17115,0.4097571969032
17117,0.313164383173
17119,0.4320407509804
17121,0.2629926800728
17123,0.3232828080654
17125,0.2989908158779
17127,0.2566200494766
17129,0.2979663908482
17131,0.3770981729031
17133,0.3171744346619
17135,0.2903561592102
17137,0.337814450264
17139,0.2508300542831
17141,0.3671911656857
17143,0.5325430631638
17145,0.2631737887859
17147,0.3476036190987
17149,0.1898669451475
17151,0.2009280771017
17153,0.3440154492855
17155,0.4016811847687
17157,0.2448868304491
17159,0.2310897856951
17161,0.5619352459908
17163,0.5445308089256
17165,0.2560594975948
17167,0.4776957333088
17169,0.278052598238
17171,0.2129560709
17173,0.2098910361528
17175,0.2891096174717
17177,0.4196792840958
17179,0.3686062991619
17181,0.2950800955296
17183,0.3324851989746
17185,0.2282331585884
17187,0.3978882431984
17189,0.211578130722
17191,0.1419347077608
17193,0.207580730319
17195,0.4575429558754
17197,0.5424725413322
17199,0.3092071413994
17201,0.5127884745598
17203,0.2939071655273
18001,0.232437863946
18003,0.4428396821022
18005,0.3659461438656
18007,0.2512450218201
18009,0.2637531161308
18011,0.4054794609547
18013,0.3444910943508
18015,0.2388829141855
18017,0.2897146046162
18019,0.406846255064
18021,0.2117666602135
18023,0.2647499144077
18025,0.2800744175911
18027,0.1846743226051
18029,0.2180667966604
18031,0.2030131518841
18033,0.2586054205894
18035,0.43284496665
18037,0.2950527667999
18039,0.3572523295879
18041,0.2238790988922
18043,0.4280267059803
18045,0.2093023210764
18047,0.1806729733944
18049,0.2540673017502
18051,0.2539772689342
18053,0.301792293787
18055,0.233853161335
18057,0.4652668535709
18059,0.3078226745129
18061,0.2683845758438
18063,0.3773348927498
18065,0.269296169281
18067,0.3346498310566
18069,0.2445121258497
18071,0.22813808918
18073,0.2501811385155
18075,0.2324122190475
18077,0.3286786079407
18079,0.2100224792957
18081,0.3256665170193
18083,0.258682101965
18085,0.2399105131626
18087,0.2250358313322
18089,0.5764206051826
18091,0.4631381034851
18093,0.2412703037262
18095,0.3847927749157
18097,0.6487078070641
18099,0.2920842766762
18101,0.2005952447653
18103,0.2284604460001
18105,0.6436252593994
18107,0.2497036457062
18109,0.2204686552286
18111,0.233917221427
18113,0.2471493035555
18115,0.2454077899456
18117,0.2569316029549
18119,0.2493303120136
18121,0.2177314162254
18123,0.3747075200081
18125,0.2317013293505
18127,0.4689572155476
18129,0.2927709817886
18131,0.2562620341778
18133,0.2432199269533
18135,0.2321478128433
18137,0.1976487338543
18139,0.2251893728971
18141,0.5297718048096
18143,0.2692384421825
18145,0.2563932538033
18147,0.3039734959602
18149,0.2619612514973
18151,0.2849116027355
18153,0.2434418797493
18155,0.2352941185236
18157,0.5031322836876
18159,0.2308660596609
18161,0.2149532735348
18163,0.4512909948826
18165,0.292672932148
18167,0.4247445464134
18169,0.2450897842646
18171,0.2226285785437
18173,0.3585972487926
18175,0.2339889109135
18177,0.3515558540821
18179,0.2124356031418
18181,0.2759122848511
18183,0.2476602643728
19001,0.2907766997814
19003,0.2776470482349
19005,0.3519125580788
19007,0.2948698103428
19009,0.3178041577339
19011,0.3591313958168
19013,0.5445615649223
19015,0.4193054735661
19017,0.4171684682369
19019,0.3933390080929
19021,0.3685127496719
19023,0.3037593960762
19025,0.2844427227974
19027,0.3078431487083
19029,0.3065459728241
19031,0.4122231602669
19033,0.4667662084103
19035,0.3003413081169
19037,0.3406559824944
19039,0.3173847198486
19041,0.3018140494823
19043,0.3531028628349
19045,0.4463710784912
19047,0.3134707808495
19049,0.4883450567722
19051,0.2502470314503
19053,0.2996254563332
19055,0.3206703960896
19057,0.4552341997623
19059,0.3294340074062
19061,0.4839573800564
19063,0.3174603283405
19065,0.3831551671028
19067,0.4005556404591
19069,0.3214074075222
19071,0.2844350934029
19073,0.3539415895939
19075,0.3084883093834
19077,0.3168395757675
19079,0.3633226752281
19081,0.2766272127628
19083,0.3366515934467
19085,0.3042393922806
19087,0.3341836631298
19089,0.3612640202045
19091,0.2737801373005
19093,0.2411888539791
19095,0.3701732456684
19097,0.3667394816875
19099,0.3895378112793
19101,0.4910744726658
19103,0.7183156609535
19105,0.3897677958012
19107,0.2707256376743
19109,0.3000890612602
19111,0.4000856280327
19113,0.5687300562859
19115,0.329892963171
19117,0.2804105579853
19119,0.1572586596012
19121,0.3244642317295
19123,0.2580702602863
19125,0.3268783092499
19127,0.4596873819828
19129,0.3087149262428
19131,0.3578525483608
19133,0.301349312067
19135,0.2657790780067
19137,0.3015812635422
19139,0.46311211586
19141,0.2108870893717
19143,0.1823422312737
19145,0.2813595831394
19147,0.3101899027824
19149,0.2494110912085
19151,0.2478087693453
19153,0.5762093663216
19155,0.4134484827518
19157,0.4315061569214
19159,0.2642564177513
19161,0.254488825798
19163,0.5163285136223
19165,0.2937031388283
19167,0.1606363803148
19169,0.5868332386017
19171,0.4018198251724
19173,0.2319651693106
19175,0.3387017250061
19177,0.2336448580027
19179,0.3790453970432
19181,0.413047760725
19183,0.3948234021664
19185,0.236730709672
19187,0.376101911068
19189,0.3642722964287
19191,0.472811460495
19193,0.4190903007984
19195,0.3679114878178
19197,0.3248697817326
20001,0.2712508738041
20003,0.2107248753309
20005,0.3247075080872
20007,0.1262472867966
20009,0.2137376666069
20011,0.234765380621
20013,0.2528630197048
20015,0.2885745763779
20017,0.2350136190653
20019,0.1313506811857
20021,0.2448660731316
20023,0.1592039763927
20025,0.1365807056427
20027,0.2196020632982
20029,0.2210475802422
20031,0.2164832651615
20033,0.1418918967247
20035,0.3067700564861
20037,0.3808555305004
20039,0.1474966108799
20041,0.2242542952299
20043,0.1873293220997
20045,0.7023299336433
20047,0.1919263452291
20049,0.1460674107075
20051,0.2769173681736
20053,0.2317596524954
20055,0.3741025924683
20057,0.3368000090122
20059,0.3032295107841
20061,0.4280034303665
20063,0.113932736218
20065,0.1743119210005
20067,0.2110839486122
20069,0.1514209657907
20071,0.1244019120932
20073,0.1888483166695
20075,0.168057218194
20077,0.1753518432379
20079,0.3985468745232
20081,0.1928057521582
20083,0.1496598571539
20085,0.2939981222153
20087,0.3352225124836
20089,0.1325828582048
20091,0.5421136021614
20093,0.1865828037262
20095,0.1937145739794
20097,0.1373239457607
20099,0.3164481520653
20101,0.131128847599
20103,0.3911990225315
20105,0.1717236936092
20107,0.1812297701836
20109,0.1296167224646
20111,0.4450569748878
20113,0.2932330965996
20115,0.2534693181515
20117,0.2524057626724
20119,0.1472564339638
20121,0.2988892197609
20123,0.1822338402271
20125,0.2453074008226
20127,0.2555204927921
20129,0.1266891956329
20131,0.1658021807671
20133,0.2654448747635
20135,0.1001344099641
20137,0.1535217165947
20139,0.2724142372608
20141,0.1471204161644
20143,0.16238766908650001
20145,0.2392113059759
20147,0.1162280738354
20149,0.2595377862453
20151,0.230883449316
20153,0.1450847387314
20155,0.3251491189003
20157,0.1627014577389
20159,0.2282942980528
20161,0.5236923098564
20163,0.1272522509098
20165,0.1793313026428
20167,0.1769911497831
20169,0.3431650996208
20171,0.1292693465948
20173,0.4391944408417
20175,0.3521613776684
20177,0.5154089331627
20179,0.1028691381216
20181,0.1485928744078
20183,0.1600762307644
20185,0.1783216744661
20187,0.1942257285118
20189,0.1186780184507
20191,0.2422400861979
20193,0.1664447337389
20195,0.1507788151503
20197,0.253084808588
20199,0.0540540553629
20201,0.1673713922501
20203,0.155694887042
20205,0.1865325123072
20207,0.1931668817997
20209,0.6602060198784
21001,0.1605906784534
21003,0.1779367178679
21005,0.2573823332787
21007,0.1973212212324
21009,0.2591881155968
21011,0.2829645574093
21013,0.1801792681217
21015,0.318028241396
21017,0.3474594056606
21019,0.3313219249249
21021,0.3738884925842
21023,0.1905669420958
21025,0.233740568161
21027,0.2338075786829
21029,0.2557260096073
21031,0.1786719709635
21033,0.2260608971119
21035,0.3379410803318
21037,0.4048270881176
21039,0.1765827685595
21041,0.2742014825344
21043,0.2314092963934
21045,0.1293504238129
21047,0.3548939228058
21049,0.337019354105
21051,0.1106819361448
21053,0.1234896555543
21055,0.1747967451811
21057,0.1550198346376
21059,0.3577816486359
21061,0.2026424407959
21063,0.2407031804323
21065,0.2099147886038
21067,0.6061534881592
21069,0.2103310525417
21071,0.2407338470221
21073,0.4951076209545
21075,0.3301335573196
21077,0.2176330387592
21079,0.2131873220205
21081,0.2017383277416
21083,0.2122875005007
21085,0.2024803906679
21087,0.159777700901
21089,0.2716730833054
21091,0.3004893362522
21093,0.3776312768459
21095,0.1375563889742
21097,0.2747881710529
21099,0.2311886548996
21101,0.3750306963921
21103,0.2682529687881
21105,0.2108655571938
21107,0.2566050291061
21109,0.099867939949
21111,0.6024908423424
21113,0.3338268995285
21115,0.1598727405071
21117,0.4013658761978
21119,0.2280730158091
21121,0.1610544025898
21123,0.2092085182667
21125,0.1614696085453
21127,0.1801775544882
21129,0.175324678421
21131,0.0935598909855
21133,0.1993351727724
21135,0.1416767090559
21137,0.2098110467196
21139,0.1897352933884
21141,0.254419863224
21143,0.2604961693287
21145,0.3389881849289
21147,0.1134762838483
21149,0.22817081213
21151,0.3628910183907
21153,0.2251717150211
21155,0.308092802763
21157,0.2343965917826
21159,0.1033598333597
21161,0.3013139367104
21163,0.2628836035728
21165,0.2450179606676
21167,0.2628477215767
21169,0.1976084262133
21171,0.1243140995502
21173,0.287570297718
21175,0.2142987698317
21177,0.2524216473103
21179,0.3140098750591
21181,0.2839726507664
21183,0.218823954463
21185,0.3903646767139
21187,0.2037105709314
21189,0.1145281046629
21191,0.1933596581221
21193,0.2244936972857
21195,0.1933892816305
21197,0.2527736723423
21199,0.1820929050446
21201,0.2225153893232
21203,0.1470626443624
21205,0.3929511904716
21207,0.1504244506359
21209,0.3729172646999
21211,0.3491569459438
21213,0.312871992588
21215,0.2245495766401
21217,0.2400097250938
21219,0.2284302562475
21221,0.2460840940475
21223,0.2387355566025
21225,0.2354481071234
21227,0.4141927957535
21229,0.2683643400669
21231,0.186199337244
21233,0.2385941147804
21235,0.1687942296267
21237,0.2857629358768
21239,0.4384904503822
22001,0.1941224783659
22003,0.217723608017
22005,0.3339390456676
22007,0.3451909124851
22009,0.2927618026733
22011,0.1577216535807
22013,0.4407875835896
22015,0.2914619743824
22017,0.5343689322472
22019,0.3205754756927
22021,0.1578055471182
22023,0.0811013802886
22025,0.2638253569603
22027,0.4200892150402
22029,0.3640426397324
22031,0.3745624125004
22033,0.5665622353554
22035,0.6375839114189
22037,0.4137664437294
22039,0.2733547985554
22041,0.2760697901249
22043,0.124757386744
22045,0.3416258692741
22047,0.5189248323441
22049,0.2843306362629
22051,0.4436211585999
22053,0.219260469079
22055,0.3536861538887
22057,0.1940218359232
22059,0.0909350067377
22061,0.4005829393864
22063,0.1442316621542
22065,0.5789703130722
22067,0.4317388236523
22069,0.4242647886276
22071,0.847213447094
22073,0.3801343739033
22075,0.3153519332409
22077,0.3842934370041
22079,0.3368095159531
22081,0.4052255451679
22083,0.3280105888844
22085,0.164747312665
22087,0.3549336493015
22089,0.3495879769325
22091,0.552145242691
22093,0.5223042368889
22095,0.6430871486664
22097,0.4284833371639
22099,0.3167555034161
22101,0.3522697389126
22103,0.2746921777725
22105,0.3331451714039
22107,0.5261282920837
22109,0.2459099143744
22111,0.2399421334267
22113,0.1859385967255
22115,0.1704204678535
22117,0.309695482254
22119,0.3428508043289
22121,0.4465571939945
22123,0.1412373185158
22125,0.3729913830757
22127,0.2504056990147
23001,0.4854882657528
23003,0.398333132267
23005,0.6836410164833
23007,0.4796409606934
23009,0.5638554692268
23011,0.5012998580933
23013,0.6021839380264
23015,0.5529206395149
23017,0.4546574950218
23019,0.456916809082
23021,0.3640786707401
23023,0.5810247659683
23025,0.3799500763416
23027,0.5244042277336
23029,0.398761421442
23031,0.5649651885033
24001,0.3048195838928
24003,0.5748426914215
24005,0.6386603713036
24009,0.4712202548981
24011,0.3313174545765
24013,0.3771024346352
24015,0.363453567028
24017,0.7085013985634
24019,0.4389603734016
24021,0.5494952201843
24023,0.2146829813719
24025,0.438083678484
24027,0.7278754711151
24029,0.5063663721085
24031,0.8056379556656
24033,0.9109051823616
24035,0.363633275032
24037,0.428767323494
24039,0.424949914217
24041,0.5026354193687
24043,0.39301019907
24045,0.4901106655598
24047,0.4034563601017
24510,0.8909273743629
25001,0.6245137453079
25003,0.741088449955
25005,0.5613085627556
25007,0.7902750372887
25009,0.6484837532043
25011,0.7283354997635
25013,0.5905676484108
25015,0.7398386597633
25017,0.7311432361603
25019,0.7324947714806
25021,0.6856695413589
25023,0.5888617038727
25025,0.8219180703163
25027,0.5916742682457
26001,0.3064377605915
26003,0.4051707088947
26005,0.3713339567184
26007,0.3595828711987
26009,0.379424482584
26011,0.3187772929668
26013,0.3704260587692
26015,0.3344958722591
26017,0.4411734938622
26019,0.4536048471928
26021,0.4624430239201
26023,0.3045542240143
26025,0.4435927271843
26027,0.3534786403179
26029,0.413527995348
26031,0.3480125367641
26033,0.3836343586445
26035,0.3237235248089
26037,0.4667488336563
26039,0.3443742692471
26041,0.3654446601868
26043,0.3303391039371
26045,0.496045768261
26047,0.4432720243931
26049,0.5473994016647
26051,0.3137962222099
26053,0.4369645118713
26055,0.4846329391003
26057,0.3561053574085
26059,0.2566753923893
26061,0.4275154471397
26063,0.3013007044792
26065,0.6641616821289
26067,0.3454274535179
26069,0.3550753295422
26071,0.3715904057026
26073,0.4871395528316
26075,0.4031272530556
26077,0.5955917239189
26079,0.2876029908657
26081,0.5313496589661
26083,0.4380704164505
26085,0.3670195639133
26087,0.3156666457653
26089,0.5263000130653
26091,0.3987495005131
26093,0.385137617588
26095,0.2853270173073
26097,0.3794694244862
26099,0.4590920805931
26101,0.4232741892338
26103,0.5568556189537
26105,0.3999059200287
26107,0.357281267643
26109,0.3471406698227
26111,0.4254484176636
26113,0.228322699666
26115,0.3848398327827
26117,0.3078558146954
26119,0.280738055706
26121,0.5028091073036
26123,0.294537961483
26125,0.5711579322815
26127,0.3573287129402
26129,0.29629945755
26131,0.3710322678089
26133,0.264701038599
26135,0.2791181504726
26137,0.3266079127789
26139,0.3906882107258
26141,0.3527202308178
26143,0.3482070565224
26145,0.5014871358871
26147,0.3463687896729
26149,0.3381649553776
26151,0.2692238390446
26153,0.3396024703979
26155,0.3986648023129
26157,0.3003205955029
26159,0.4376465082169
26161,0.736424267292
26163,0.6929953098297
26165,0.3254180550575
27001,0.3656360805035
27003,0.4902597367764
27005,0.3462973535061
27007,0.4838654994965
27009,0.3360723853111
27011,0.3611111044884
27013,0.5228031277657
27015,0.3322614431381
27017,0.5077178478241
27019,0.4750320315361
27021,0.3530787229538
27023,0.3437306880951
27025,0.3500978648663
27027,0.5209235548973
27029,0.272020727396
27031,0.6747769713402
27033,0.3057176172733
27035,0.3483579456806
27037,0.5713799595833
27039,0.3438711762428
27041,0.3324460089207
27043,0.3277648389339
27045,0.3839858174324
27047,0.4183518588543
27049,0.4237920939922
27051,0.3642476797104
27053,0.7211290001869
27055,0.433807104826
27057,0.3523373305798
27059,0.3020864129066
27061,0.4144476354122
27063,0.3065167665482
27065,0.3064516186714
27067,0.3689295053482
27069,0.3942006230354
27071,0.3916052877903
27073,0.3638651371002
27075,0.51803976297380006
27077,0.2825263142586
27079,0.344865322113
27081,0.3064094185829
27083,0.3673987090588
27085,0.3143781423569
27087,0.4933451712132
27089,0.258173853159
27091,0.3064441382885
27093,0.2923786342144
27095,0.3067706823349
27097,0.2275901585817
27099,0.470249414444
27101,0.3011221885681
27103,0.5162017345428
27105,0.3437243700027
27107,0.4182305634022
27109,0.5549376010895
27111,0.334414690733
27113,0.36169013381
27115,0.3457097411156
27117,0.2687795758247
27119,0.3553972840309
27121,0.3592979311943
27123,0.7322592735291
27125,0.3221445083618
27127,0.2898104786873
27129,0.3134497106075
27131,0.4991108775139
27133,0.3027826547623
27135,0.2651157081127
27137,0.5800498723984
27139,0.4660582840443
27141,0.3327684402466
27143,0.2918729484081
27145,0.3848354518414
27147,0.3848247826099
27149,0.3870318233967
27151,0.3498039245605
27153,0.2520131766796
27155,0.3606110215187
27157,0.365475922823
27159,0.2681956887245
27161,0.345454543829
27163,0.5472629070282
27165,0.3903732895851
27167,0.3059034049511
27169,0.5019955039024
27171,0.3535937666893
27173,0.3113242387772
28001,0.5815764069557
28003,0.1783333271742
28005,0.3678225576878
28007,0.4061926603317
28009,0.3951517939568
28011,0.6559116244316
28013,0.2914049327374
28015,0.3058553040028
28017,0.4771446585655
28019,0.2830864787102
28021,0.8621714115143
28023,0.3437916338444
28025,0.5829426646233
28027,0.717093527317
28029,0.5086477994919
28031,0.3685005307198
28033,0.3782434761524
28035,0.4430665075779
28037,0.3361344635487
28039,0.1114262193441
28041,0.167708337307
28043,0.4377253949642
28045,0.2182593494654
28047,0.37193828821180003
28049,0.7452554106712
28051,0.8279502391815
28053,0.7295597195625
28055,0.5354449748993
28057,0.1168709620833
28059,0.3237376511097
28061,0.502256155014
28063,0.8623639345169
28065,0.5868253707886
28067,0.2863530814648
28069,0.6176722049713
28071,0.4374647140503
28073,0.2617315649986
28075,0.4190513193607
28077,0.3453017473221
28079,0.4270685017109
28081,0.3348994255066
28083,0.7096594572067
28085,0.3029574453831
28087,0.4867407977581
28089,0.4401145279408
28091,0.3140132725239
28093,0.5157139897346
28095,0.344495922327
28097,0.4210003912449
28099,0.2815198600292
28101,0.3053018152714
28103,0.7651515007019
28105,0.5335440039635
28107,0.4787557423115
28109,0.1747041195631
28111,0.2323439121246
28113,0.5048758983612
28115,0.1845523864031
28117,0.204599454999
28119,0.676952123642
28121,0.2702388763428
28123,0.4079133272171
28125,0.6804459095001
28127,0.3458704650402
28129,0.2171172201633
28131,0.2320370823145
28133,0.7078288197517
28135,0.5551582574844
28137,0.3245151340961
28139,0.1938744932413
28141,0.1177713498473
28143,0.7358813285828
28145,0.1723450124264
28147,0.4018426537514
28149,0.5018503665924
28151,0.7022973895073
28153,0.3649179339409
28155,0.195538058877
28157,0.6749324798584
28159,0.4414335787296
28161,0.4313816726208
28163,0.5321456193924
29001,0.3664921522141
29003,0.2447428703308
29005,0.2041259557009
29007,0.2591031193733
29009,0.1917647868395
29011,0.1403858959675
29013,0.2022009938955
29015,0.2118767648935
29017,0.1267534196377
29019,0.5643557906151
29021,0.3745647072792
29023,0.1843825131655
29025,0.194071829319
29027,0.2837805151939
29029,0.2306750416756
29031,0.2712582349777
29033,0.1749777346849
29035,0.1456953585148
29037,0.3387082517147
29039,0.1651521772146
29041,0.2274646162987
29043,0.2417102754116
29045,0.2023880630732
29047,0.4790129363537
29049,0.2707807421684
29051,0.327333688736
29053,0.2639361619949
29055,0.1949621737003
29057,0.1611793637276
29059,0.1725215613842
29061,0.1938669383526
29063,0.1954602748156
29065,0.1499361097813
29067,0.1469482183456
29069,0.212868899107
29071,0.2768350839615
29073,0.2046529501677
29075,0.1919223517179
29077,0.3970352709293
29079,0.1822536438704
29081,0.157312259078
29083,0.2460078895092
29085,0.2102747857571
29087,0.1460674107075
29089,0.2845348417759
29091,0.1749008148909
29093,0.2081039398909
29095,0.4793057441711
29097,0.2642315328121
29099,0.3275144100189
29101,0.3104661107063
29103,0.186199337244
29105,0.1680570691824
29107,0.2670648097992
29109,0.1821995526552
29111,0.2168834060431
29113,0.2321911752224
29115,0.226144015789
29117,0.2111726850271
29119,0.1616127640009
29121,0.2147841751575
29123,0.1818668544292
29125,0.1729706823826
29127,0.2441107034683
29129,0.1259217262268
29131,0.1668577045202
29133,0.2498409301043
29135,0.185479298234
29137,0.212100610137
29139,0.2129384875298
29141,0.2054238766432
29143,0.2429464906454
29145,0.2082468271255
29147,0.2935789227486
29149,0.1762312650681
29151,0.1389707922935
29153,0.15614618361
29155,0.2746478915215
29157,0.178521618247
29159,0.2566400170326
29161,0.294868439436
29163,0.2265171557665
29165,0.4845086932182
29167,0.1957923322916
29169,0.2658326923847
29171,0.1539445668459
29173,0.2151401489973
29175,0.236599072814
29177,0.2714335620403
29179,0.1621704548597
29181,0.1468617767096
29183,0.4108407199383
29185,0.200813010335
29186,0.2903778254986
29187,0.255634188652
29189,0.6219174265862
29195,0.3104222416878
29197,0.1884790360928
29199,0.1991786509752
29201,0.2141878753901
29203,0.1823818087578
29205,0.1798298954964
29207,0.1367360800505
29209,0.1915219128132
29211,0.1949429064989
29213,0.2065616846085
29215,0.1532964110374
29217,0.2100905328989
29219,0.2650769948959
29221,0.1831286102533
29223,0.1448902636766
29225,0.1936270594597
29227,0.1968864500523
29229,0.1354831159115
29510,0.836777806282
30001,0.2907249927521
30003,0.5302256345749
30005,0.5196206569672
30007,0.2083333283663
30009,0.3514298200607
30011,0.0871613696218
30013,0.3986484706402
30015,0.3438584208488
30017,0.2647315859795
30019,0.1961770653725
30021,0.2038135528564
30023,0.5395956039429
30025,0.1111829355359
30027,0.2350353449583
30029,0.3460022211075
30031,0.5389001965523
30033,0.0509316772223
30035,0.6570804715157
30037,0.1585365831852
30039,0.3101604282856
30041,0.4296627342701
30043,0.3293600976467
30045,0.2091254740953
30047,0.4259145259857
30049,0.4797579646111
30051,0.2327102869749
30053,0.2463717758656
30055,0.1395139545202
30057,0.2970479726791
30059,0.2364802956581
30061,0.2728719115257
30063,0.622015953064
30065,0.1456276476383
30067,0.467049986124
30069,0.1157269999385
30071,0.1768707484007
30073,0.3077709674835
30075,0.1370106786489
30077,0.2420341223478
30079,0.1728395074606
30081,0.314345151186
30083,0.1541850268841
30085,0.4889912903309
30087,0.3253731429577
30089,0.2433155030012
30091,0.2903389036655
30093,0.5729723572731
30095,0.2057671695948
30097,0.2298032641411
30099,0.2785615622997
30101,0.2263693660498
30103,0.172949001193
30105,0.247298926115
30107,0.2146946638823
30109,0.1298482269049
30111,0.3766559064388
31001,0.2946566045284
31003,0.127503529191
31005,0.0747330933809
31007,0.106172837317
31009,0.111111111939
31011,0.1583121865988
31013,0.2079952508211
31015,0.117903932929
31017,0.1149909719825
31019,0.2762070596218
31021,0.2917924821377
31023,0.1977349966764
31025,0.3188181519508
31027,0.1479893922806
31029,0.1149542182684
31031,0.1159465312958
31033,0.1831619590521
31035,0.181609198451
31037,0.2799781560898
31039,0.1987662762403
31041,0.1337644606829
31043,0.4113942980766
31045,0.2696237266064
31047,0.2767985761166
31049,0.1393280625343
31051,0.2180174142122
31053,0.3354307711124
31055,0.5578663349152
31057,0.10627530515190001
31059,0.2270642220974
31061,0.1611208468676
31063,0.1332863122225
31065,0.1557376980782
31067,0.3125576972961
31069,0.1367884427309
31071,0.1247654780746
31073,0.1940433233976
31075,0.0506329126656
31077,0.1839357465506
31079,0.3217846751213
31081,0.2060070037842
31083,0.1486557722092
31085,0.0643939375877
31087,0.1216122284532
31089,0.1257561892271
31091,0.1356321871281
31093,0.1887012273073
31095,0.2797356843948
31097,0.2988452613354
31099,0.1989781409502
31101,0.177153468132
31103,0.0933333337307
31105,0.1463681012392
31107,0.1956333816051
31109,0.5400334596634
31111,0.2202469706535
31113,0.0853932574391
31115,0.1685393303633
31117,0.0582191795111
31119,0.225580483675
31121,0.178519949317
31123,0.1544617861509
31125,0.1998886466026
31127,0.2750074565411
31129,0.1804942637682
31131,0.3059343993664
31133,0.231155782938
31135,0.1309210509062
31137,0.1531880199909
31139,0.1217655986547
31141,0.2110578864813
31143,0.1878766417503
31145,0.1519865095615
31147,0.2447775900364
31149,0.1014492735267
31151,0.3535695075989
31153,0.4421956241131
31155,0.2677868008614
31157,0.2770002782345
31159,0.273073464632
31161,0.12917932868
31163,0.2060060054064
31165,0.1008403375745
31167,0.1720012873411
31169,0.2128240168095
31171,0.1066350713372
31173,0.4874022603035
31175,0.178123652935
31177,0.2928235828876
31179,0.2506745159626
31181,0.1814734488726
31183,0.1187122762203
31185,0.2339600920677
32001,0.2455094605684
32003,0.5477479100227
32005,0.348567456007
32007,0.2139602601528
32009,0.154175594449
32011,0.1049444973469
32013,0.2232355326414
32015,0.1841128468513
32017,0.1376720964909
32019,0.288379073143
32021,0.3672014176846
32023,0.2936648726463
32027,0.2401229143143
32029,0.3213138282299
32031,0.5232912898064
32033,0.2011278122663
32510,0.4414517581463
33001,0.4470140039921
33003,0.5076069235802
33005,0.587793648243
33007,0.4699513912201
33009,0.6250353455544
33011,0.5390339493752
33013,0.5499864220619
33015,0.5107338428497
33017,0.5777731537819
33019,0.5184534192085
34001,0.5338888764381
34003,0.5831491351128
34005,0.5993447899818
34007,0.6700488328934
34009,0.419289290905
34011,0.5307161211967
34013,0.7795030474663
34015,0.5098857879639
34017,0.7341776490211
34019,0.477629840374
34021,0.7035074234009
34023,0.6119545698166
34025,0.4859058856964
34027,0.5216040015221
34029,0.3542627990246
34031,0.5838692784309
34033,0.4347264766693
34035,0.6069422364235
34037,0.4001090824604
34039,0.6803078651428
34041,0.4173118770123
35001,0.6252403855324
35003,0.2594853937626
35005,0.2895584702492
35006,0.544151365757
35007,0.4438966214657
35009,0.2919802069664
35011,0.2604283988476
35013,0.5938285589218
35015,0.237083658576
35017,0.5366612672806
35019,0.5736866593361
35021,0.3594377636909
35023,0.4235717952251
35025,0.1972125023603
35027,0.3151144385338
35028,0.6384381055832
35029,0.4469953477383
35031,0.6979868412018
35033,0.6589879393578
35035,0.3688168227673
35037,0.307570964098
35039,0.6702036857605
35041,0.2799875736237
35043,0.5428961515427
35045,0.3548678159714
35047,0.6974975466728
35049,0.7733214497566
35051,0.39004650712009997
35053,0.5334671139717
35055,0.7793418765068
35057,0.3293985426426
35059,0.2162619978189
35061,0.4509754180908
36001,0.660715341568
36003,0.2996581196785
36005,0.8399013280869
36007,0.517674267292
36009,0.3490333259106
36011,0.4528476595879
36013,0.39846393466
36015,0.4314539134502
36017,0.3807642757893
36019,0.5265210270882
36021,0.5849641561508
36023,0.4900746643543
36025,0.4058144688606
36027,0.5491217970848
36029,0.5749374032021
36031,0.525656580925
36033,0.4890333414078
36035,0.340254843235
36037,0.3377074599266
36039,0.4202786684036
36041,0.346165150404
36043,0.3449508845806
36045,0.4030883312225
36047,0.776210129261
36049,0.3006761968136
36051,0.4069604277611
36053,0.445792555809
36055,0.607813000679
36057,0.3849532008171
36059,0.5482481122017
36061,0.8762250542641
36063,0.4508359730244
36065,0.4209444224834
36067,0.6051683425903
36069,0.4998794496059
36071,0.4990806281567
36073,0.3154180645943
36075,0.3968206346035
36077,0.4742844700813
36079,0.4600818753242
36081,0.7279465198517
36083,0.5288438200951
36085,0.4245906770229
36087,0.5087792277336
36089,0.4403329491615
36091,0.5276091098785
36093,0.5800753831863
36095,0.350537776947
36097,0.40980681777
36099,0.4535852372646
36101,0.3488423526287
36103,0.4947426915169
36105,0.4535047113895
36107,0.3944319486618
36109,0.751850605011
36111,0.6066345572472
36113,0.4991935789585
36115,0.4204537272453
36117,0.3998167514801
36119,0.6833995580673
36121,0.2674081623554
36123,0.4046226143837
37001,0.4574050605297
37003,0.2069085985422
37005,0.2471312135458
37007,0.5210621356964
37009,0.2666666805744
37011,0.2340061962605
37013,0.3695051670074
37015,0.6087535619736
37017,0.4308904707432
37019,0.3735980391502
37021,0.6072914004326
37023,0.2972109615803
37025,0.4520143270493
37027,0.2418326884508
37029,0.2627799510956
37031,0.2871014475822
37033,0.4067285954952
37035,0.3122257590294
37037,0.5583766102791
37039,0.2210227549076
37041,0.4207048416138
37043,0.249449416995
37045,0.3340689241886
37047,0.3594641983509
37049,0.4052893817425
37051,0.5845565199852
37053,0.2646353840828
37055,0.4161849617958
37057,0.2593076229095
37059,0.2691552042961
37061,0.3886081576347
37063,0.8167679905891
37065,0.6360545754433
37067,0.5705941915512
37069,0.4317291975021
37071,0.3593146800995
37073,0.4305766820908
37075,0.1960996687412
37077,0.4666474461555
37079,0.4401562213898
37081,0.6173264980316
37083,0.6066341400146
37085,0.3857691586018
37087,0.3653343617916
37089,0.4046666622162
37091,0.6710476279259
37093,0.5552994012833
37095,0.4245129823685
37097,0.3358639478683
37099,0.4578698575497
37101,0.3763981461525
37103,0.401132017374
37105,0.4244023561478
37107,0.4825323522091
37109,0.2675400674343
37111,0.2567466497421
37113,0.3047796189785
37115,0.3805124163628
37117,0.4750462174416
37119,0.6784403324127
37121,0.2084403187037
37123,0.3396922647953
37125,0.361103862524
37127,0.5011588931084
37129,0.5108404159546
37131,0.6034002900124
37133,0.3449619114399
37135,0.7591500282288
37137,0.3587675094604
37139,0.5015814900398
37141,0.3480803966522
37143,0.3369844555855
37145,0.3910111188889
37147,0.5479509234428
37149,0.3701155185699
37151,0.2153850346804
37153,0.4252817630768
37155,0.4061845839024
37157,0.3381472826004
37159,0.3192056417465
37161,0.2684711813927
37163,0.3864397108555
37165,0.490210801363
37167,0.2420281618834
37169,0.207881078124
37171,0.2405195981264
37173,0.400518655777
37175,0.4205179214478
37177,0.4206437170506
37179,0.3774001300335
37181,0.597012758255
37183,0.6348910927773
37185,0.6304176449776
37187,0.5497814416885
37189,0.5422987937927
37191,0.4408819377422
37193,0.2139703184366
37195,0.5145407319069
37197,0.1910540163517
37199,0.3291681408882
38001,0.208232447505
38003,0.3377876877785
38005,0.4290187954903
38007,0.1174551397562
38009,0.2417550086975
38011,0.1404805928469
38013,0.1211317405105
38015,0.2922675907612
38017,0.4860846400261
38019,0.2402432858944
38021,0.2587234079838
38023,0.2266894727945
38025,0.14914958179
38027,0.3096200525761
38029,0.1199999973178
38031,0.2149855941534
38033,0.1359127014875
38035,0.4312451779842
38037,0.1531065106392
38039,0.253497928381
38041,0.1522921472788
38043,0.1538997143507
38045,0.2426335215569
38047,0.1209829896688
38049,0.1926229447126
38051,0.1845827400684
38053,0.1537009030581
38055,0.226602807641
38057,0.1543859690428
38059,0.2402730435133
38061,0.3078431487083
38063,0.3393167257309
38065,0.1232091709971
38067,0.2421441823244
38069,0.238712772727
38071,0.3142254650593
38073,0.3999153673649
38075,0.1712062209845
38077,0.3310472071171
38079,0.663813829422
38081,0.3682634830475
38083,0.1313131302595
38085,0.7570621371269
38087,0.103773586452
38089,0.1710589379072
38091,0.3754789233208
38093,0.27673214674
38095,0.2763731479645
38097,0.3718555271626
38099,0.2862357795238
38101,0.2674661576748
38103,0.1892933547497
38105,0.1559534072876
39001,0.1792782247066
39003,0.2993547022343
39005,0.2520810961723
39007,0.3802291154861
39009,0.5762658715248
39011,0.1827576756477
39013,0.2794666290283
39015,0.2099712342024
39017,0.3783212304115
39019,0.2322806566954
39021,0.2575950324535
39023,0.381504714489
39025,0.3137435317039
39027,0.2326975464821
39029,0.2721605300903
39031,0.2507598698139
39033,0.2415487468243
39035,0.6724718213081
39037,0.1769590377808
39039,0.3144749999046
39041,0.4652633965015
39043,0.4411520063877
39045,0.3806830048561
39047,0.2389942109585
39049,0.6595044136047
39051,0.2975664138794
39053,0.2192886024714
39055,0.3830767571926
39057,0.4005755782127
39059,0.2545039951801
39061,0.5806078910828
39063,0.3088501989841
39065,0.2353393286467
39067,0.2338624298573
39069,0.2793480455875
39071,0.1950505673885
39073,0.2849379479885
39075,0.1559030562639
39077,0.2904360890388
39079,0.2264705896378
39081,0.3049990832806
39083,0.2777005434036
39085,0.4310360848904
39087,0.269436955452
39089,0.3570849895477
39091,0.2196011990309
39093,0.4875859320164
39095,0.5853256583214
39097,0.2917114496231
39099,0.4903780817986
39101,0.3029825687408
39103,0.3812333643436
39105,0.2305699437857
39107,0.1716208159924
39109,0.274625658989
39111,0.2270797938108
39113,0.5114161968231
39115,0.2549512386322
39117,0.2233379334211
39119,0.3004919886589
39121,0.1855670064688
39123,0.3811135590076
39125,0.2379825860262
39127,0.2490428388119
39129,0.2618202567101
39131,0.2535257339478
39133,0.4367491006851
39135,0.2088310420513
39137,0.1629520058632
39139,0.2984165549278
39141,0.3215166628361
39143,0.3592838644981
39145,0.286534756422
39147,0.3260492384434
39149,0.1794109344482
39151,0.405901581049
39153,0.5485260486603
39155,0.446471363306
39157,0.2973446846008
39159,0.3395611047745
39161,0.2083984464407
39163,0.223209798336
39165,0.3436523377895
39167,0.2929635643959
39169,0.3118740618229
39171,0.26467692852020003
39173,0.4612800180912
39175,0.2441268414259
40001,0.1989386081696
40003,0.1049773767591
40005,0.1437429487705
40007,0.0880444869399
40009,0.1341010928154
40011,0.1799163222313
40013,0.2121018767357
40015,0.275740981102
40017,0.2776819467545
40019,0.2331890016794
40021,0.3493913114071
40023,0.1871972382069
40025,0.0673076882958
40027,0.4276848733425
40029,0.1517241448164
40031,0.3967159092426
40033,0.1565736979246
40035,0.206166356802
40037,0.2201801091433
40039,0.2271550446749
40041,0.2038874924183
40043,0.0915312245488
40045,0.0875675678253
40047,0.2247247546911
40049,0.1736014187336
40051,0.1826999336481
40053,0.1275045573711
40055,0.1696844249964
40057,0.1915584355593
40059,0.0929596722126
40061,0.1582457572222
40063,0.1916979551315
40065,0.2047773003578
40067,0.1360341161489
40069,0.1765972673893
40071,0.2394215911627
40073,0.1339607834816
40075,0.2072953730822
40077,0.1814717799425
40079,0.1782087236643
40081,0.1784297674894
40083,0.2589849531651
40085,0.1770418286324
40087,0.1897547245026
40089,0.1638014614582
40091,0.2475923448801
40093,0.0940070524812
40095,0.1836087405682
40097,0.2192896455526
40099,0.2004160881042
40101,0.3269254267216
40103,0.2079187333584
40105,0.1647385507822
40107,0.2266059666872
40109,0.4942010045052
40111,0.3106595277786
40113,0.2982656657696
40115,0.2391594648361
40117,0.2055806964636
40119,0.3797053992748
40121,0.2138600349426
40123,0.2759013473988
40125,0.2644012272358
40127,0.14261315763
40129,0.0934891477227
40131,0.2198303490877
40133,0.2634481191635
40135,0.2003564834595
40137,0.1685369312763
40139,0.1655862182379
40141,0.2233445495367
40143,0.4199098646641
40145,0.2444194108248
40147,0.2532143890858
40149,0.1276686638594
40151,0.1648995578289
40153,0.1319590359926
41001,0.2419055402279
41003,0.7065772414207
41005,0.5571704506874
41007,0.5583124160767
41009,0.4465063810349
41011,0.3948491811752
41013,0.2519220709801
41015,0.4165864288807
41017,0.5424149632454
41019,0.3067661523819
41021,0.2797927558422
41023,0.2076441645622
41025,0.204623490572
41027,0.6890478730202
41029,0.4822006225586
41031,0.3792954683304
41033,0.3675351440907
41035,0.2910130023956
41037,0.1858282536268
41039,0.6258255839348
41041,0.582509636879
41043,0.3787536919117
41045,0.2847907841206
41047,0.5058483481407
41049,0.2765785753727
41051,0.815666615963
41053,0.491264551878
41055,0.2201524078846
41057,0.4912302196026
41059,0.3348344266415
41061,0.2923309504986
41063,0.3231258690357
41065,0.484199732542
41067,0.6793888807297
41069,0.2338362038136
41071,0.4790480434895
42001,0.3267001509666
42003,0.6031369566917
42005,0.2352695763111
42007,0.4104391634464
42009,0.1594261080027
42011,0.4584441781044
42013,0.2801944613457
42015,0.2714025378227
42017,0.5221192836761
42019,0.3352910280228
42021,0.3112511634827
42023,0.2636174559593
42025,0.3377515375614
42027,0.5240948796272
42029,0.5865239500999
42031,0.2429372668266
42033,0.2488167434931
42035,0.3161342144012
42037,0.3438459038734
42039,0.3115493059158
42041,0.4463382959366
42043,0.543245434761
42045,0.6352356672287
42047,0.2713959813118
42049,0.5052421092987
42051,0.3315010368824
42053,0.2789272069931
42055,0.2814465165138
42057,0.1371854841709
42059,0.2807890176773
42061,0.2419354766607
42063,0.3102423548698
42065,0.2013163119555
42067,0.1892959177494
42069,0.5422348380089
42071,0.4196503460407
42073,0.350586950779
42075,0.3386779427528
42077,0.5384257435799
42079,0.4273527264595
42081,0.2904351949692
42083,0.2657838463783
42085,0.3682398200035
42087,0.2163775712252
42089,0.5322155952454
42091,0.6327313780785
42093,0.3921996951103
42095,0.5036491751671
42097,0.3045232892036
42099,0.245431676507
42101,0.8197765350342
42103,0.4039153754711
42105,0.1925264894962
42107,0.2978102862835
42109,0.2598846256733
42111,0.2157028913498
42113,0.260169506073
42115,0.2908175289631
42117,0.2394066751003
42119,0.376935094595
42121,0.2900129854679
42123,0.29877358675
42125,0.3848149776459
42127,0.3302788436413
42129,0.3564619123936
42131,0.3213114738464
42133,0.3751974701881
44001,0.6493973731995
44003,0.5390280485153
44005,0.6522296667099
44007,0.6167220473289
44009,0.5990425944328
45001,0.3329814970493
45003,0.3848492801189
45005,0.7649873495102
45007,0.2867924869061
45009,0.6239302754402
45011,0.4622013270855
45013,0.4494115710258
45015,0.4406840801239
45017,0.475639462471
45019,0.5656200051308
45021,0.2790298163891
45023,0.4449073672295
45025,0.3967855572701
45027,0.4966588318348
45029,0.451738268137
45031,0.4748533666134
45033,0.4943923652172
45035,0.4465980827808
45037,0.377026706934
45039,0.6148080229759
45041,0.4885365664959
45043,0.4357597231865
45045,0.407151132822
45047,0.3846275508404
45049,0.5767688751221
45051,0.3324700295925
45053,0.5037509799004
45055,0.3828459382057
45057,0.3845154345036
45059,0.3368033766747
45061,0.6391987800598
45063,0.3469018638134
45065,0.4759964644909
45067,0.6083796024323
45069,0.5549673438072
45071,0.3781316280365
45073,0.2596230506897
45075,0.6673920750618
45077,0.2412823587656
45079,0.6945092082024
45081,0.3230131864548
45083,0.3613041639328
45085,0.5659273862839
45087,0.376200646162
45089,0.6503381729126
45091,0.4163262546062
46003,0.2315558791161
46005,0.3046999275684
46007,0.4017241299152
46009,0.2439106851816
46011,0.4330262243748
46013,0.3819371461868
46015,0.277754843235
46017,0.6579439043999
46019,0.2010706663132
46021,0.1354166716337
46023,0.3156342208385
46025,0.2414364665747
46027,0.5565986633301
46029,0.2998827695847
46031,0.4901497364044
46033,0.2832154929638
46035,0.3205423057079
46037,0.3601506352425
46039,0.2638648152351
46041,0.5887558460236
46043,0.1282660365105
46045,0.2132992297411
46047,0.2678707838058
46049,0.1703958660364
46051,0.287425160408
46053,0.2044025212526
46055,0.0928381979465
46057,0.2143093794584
46059,0.2065337747335
46061,0.2370212823153
46063,0.0614805519581
46065,0.3484365642071
46067,0.2056125253439
46069,0.1942857205868
46071,0.3272561430931
46073,0.2724520564079
46075,0.1530612260103
46077,0.3007712066174
46079,0.3597147464752
46081,0.3413845002651
46083,0.3791695535183
46085,0.3350350856781
46087,0.2710609734058
46089,0.1711642295122
46091,0.4000000059605
46093,0.249620065093
46095,0.3989290595055
46097,0.2890695631504
46099,0.4511484205723
46101,0.3766773045063
46102,0.904990375042
46103,0.3701521456242
46105,0.1457317024469
46107,0.1661786288023
46109,0.4319470822811
46111,0.2211703956127
46113,NA
46115,0.3217279314995
46117,0.2592364549637
46119,0.2030735462904
46121,0.7867735624313
46123,0.1863704770803
46125,0.2571686506271
46127,0.3143384456635
46129,0.2232319265604
46135,0.3789751827717
46137,0.5435028076172
47001,0.3361775279045
47003,0.2367735356092
47005,0.2124496251345
47007,0.1704705059528
47009,0.2746053040028
47011,0.21864387393
47013,0.1652450561523
47015,0.1954735666513
47017,0.2175280451775
47019,0.1878239959478
47021,0.2763632833958
47023,0.1917436122894
47025,0.1719506531954
47027,0.2119377106428
47029,0.1723715513945
47031,0.2418602705002
47033,0.2282411158085
47035,0.2109355479479
47037,0.6658520102501
47039,0.176115334034
47041,0.2077891230583
47043,0.2571055591106
47045,0.2115771174431
47047,0.3093278110027
47049,0.1402657479048
47051,0.2580234408379
47053,0.261960953474
47055,0.2521021366119
47057,0.1462320536375
47059,0.1893437206745
47061,0.1706390380859
47063,0.2262350320816
47065,0.4505279362202
47067,0.1324067264795
47069,0.4205231368542
47071,0.1566084325314
47073,0.1667347252369
47075,0.5454792380333
47077,0.1759609729052
47079,0.2399404942989
47081,0.2194292843342
47083,0.2426859885454
47085,0.2478800565004
47087,0.2160670161247
47089,0.199699640274
47091,0.1615245044231
47093,0.4233244657516
47095,0.2606541216373
47097,0.3600992560387
47099,0.1724324077368
47101,0.1932924687862
47103,0.1920394748449
47105,0.2424200177193
47107,0.1933153122663
47109,0.1760601699352
47111,0.138998195529
47113,0.4344128668308
47115,0.2427414357662
47117,0.2461086809635
47119,0.31424087286
47121,0.184109583497
47123,0.1831897646189
47125,0.4349375069141
47127,0.1655590832233
47129,0.144127458334
47131,0.1935122162104
47133,0.2043010741472
47135,0.1814159303904
47137,0.1806606948376
47139,0.1801062226295
47141,0.2788064479828
47143,0.1765407323837
47145,0.2391089349985
47147,0.2615866065025
47149,0.4213931262493
47151,0.1096774190664
47153,0.1814623177052
47155,0.2051806896925
47157,0.6546738743782
47159,0.2016111016273
47161,0.1992882490158
47163,0.236175686121
47165,0.3037285804749
47167,0.2540974318981
47169,0.256332308054
47171,0.1966155320406
47173,0.1551167368889
47175,0.1884961873293
47177,0.2487637847662
47179,0.3154598772526
47181,0.1239606961608
47183,0.2251043468714
47185,0.1823984980583
47187,0.3671302199364
47189,0.3067401647568
48001,0.2074481993914
48003,0.1467288136482
48005,0.2671907544136
48007,0.2399012744427
48009,0.0939738750458
48011,0.0675675645471
48013,0.3279933035374
48015,0.2049590200186
48017,0.2219207882881
48019,0.1994109153748
48021,0.4299527704716
48023,0.1091234311461
48025,0.3537766337395
48027,0.4564515948296
48029,0.5923520922661
48031,0.2598585784435
48033,0.0387409217656
48035,0.1728682219982
48037,0.2838391065598
48039,0.4076221287251
48041,0.4265133440495
48043,0.478491216898
48045,0.1087866127491
48047,0.5956239700317
48049,0.133312240243
48051,0.2095885574818
48053,0.2310497462749
48055,0.453784942627
48057,0.275773525238
48059,0.1088052168489
48061,0.5664529800415
48063,0.2776892483234
48065,0.096553966403
48067,0.2021261155605
48069,0.2253384888172
48071,0.1872131079435
48073,0.2180104553699
48075,0.1375943124294
48077,0.1080415248871
48079,0.1795131862164
48081,0.1009070277214
48083,0.1102150529623
48085,0.4778867959976
48087,0.1288445591927
48089,0.2446421384811
48091,0.2835118770599
48093,0.1414593756199
48095,0.1569721102715
48097,0.1706902086735
48099,0.3288701474667
48101,0.1730474680662
48103,0.1619623601437
48105,0.2199488431215
48107,0.274050951004
48109,0.5134818553925
48111,0.1242118552327
48113,0.6609337925911
48115,0.2149507850409
48117,0.2773146033287
48119,0.1571150124073
48121,0.4589165151119
48123,0.1853368133307
48125,0.1322482228279
48127,0.6206140518188
48129,0.1210268959403
48131,0.5131526589394
48133,0.119586378336
48135,0.2579656839371
48137,0.1583411842585
48139,0.3270567953587
48141,0.678686439991
48143,0.1756626516581
48145,0.3125411570072
48147,0.1790772974491
48149,0.2073721885681
48151,0.1955555528402
48153,0.2166172116995
48155,0.1819852888584
48157,0.5535482764244
48159,0.1619335412979
48161,0.1895432472229
48163,0.4617731273174
48165,0.0971168428659
48167,0.3852100968361
48169,0.1405109465122
48171,0.2024219185114
48173,0.0599999986589
48175,0.2213528454304
48177,0.257161706686
48179,0.108097538352
48181,0.2472515255213
48183,0.3128845989704
48185,0.2309824675322
48187,0.377236187458
48189,0.2410109937191
48191,0.1444540023804
48193,0.1505755186081
48195,0.0823821350932
48197,0.1534054726362
48199,0.1271037608385
48201,0.5671979188919
48203,0.2692176699638
48205,0.0945225432515
48207,0.1609667092562
48209,0.5552404522896
48211,0.1217494085431
48213,0.1962692141533
48215,0.5861168503761
48217,0.193426206708
48219,0.1848341226578
48221,0.1757093071938
48223,0.1932128071785
48225,0.2468529939651
48227,0.2043860554695
48229,0.3226087093353
48231,0.2339436262846
48233,0.1116123050451
48235,0.1365187764168
48237,0.0882902145386
48239,0.1649105995893
48241,0.1906298398972
48243,0.3898832798004
48245,0.492006868124
48247,0.5896551609039
48249,0.4508546888828
48251,0.2315872460604
48253,0.150022521615
48255,0.2372164577246
48257,0.3284906148911
48259,0.2306248396635
48261,0.3385416567326
48263,0.102620087564
48265,0.238076120615
48267,0.1250550448895
48269,0.050314463675
48271,0.280503153801
48273,0.491218328476
48275,0.1833910048008
48277,0.2101046293974
48279,0.1926163733006
48281,0.2095796614885
48283,0.4407205581665
48285,0.1314984709024
48287,0.218613371253
48289,0.1247236728668
48291,0.1988860964775
48293,0.245834261179
48295,0.098053894937
48297,0.1632124334574
48299,0.1965082883835
48301,0.0625
48303,0.3366224169731
48305,0.187637001276
48307,0.1443724185228
48309,0.3812492787838
48311,0.1033138409257
48313,0.2069621384144
48315,0.2784362733364
48317,0.1342657357454
48319,0.1866829991341
48321,0.2749300301075
48323,0.5476894974709
48325,0.3021637201309
48327,0.1931372582912
48329,0.2127413600683
48331,0.2381679415703
48333,0.1089228317142
48335,0.1546552330256
48337,0.1129530444741
48339,0.2777759134769
48341,0.1959048211575
48343,0.3012091815472
48345,0.0707692280412
48347,0.341193407774
48349,0.2698799073696
48351,0.1937242001295
48353,0.2195352315903
48355,0.4852957427502
48357,0.0969813764095
48359,0.0811623260379
48361,0.1788537800312
48363,0.1762563735247
48365,0.1807080805302
48367,0.1734166443348
48369,0.1860465109348
48371,0.3006308376789
48373,0.2248330563307
48375,0.3030145764351
48377,0.6698718070984
48379,0.1404035389423
48381,0.2012956440449
48383,0.154398560524
48385,0.1630157977343
48387,0.2162068337202
48389,0.3822965323925
48391,0.3339360952377
48393,0.0311355311424
48395,0.2960099875927
48397,0.3088561892509
48399,0.1266345530748
48401,0.2187308073044
48403,0.1226847618818
48405,0.2457988411188
48407,0.1869899183512
48409,0.3524152934551
48411,0.1105973049998
48413,0.1833188533783
48415,0.1410101652145
48417,0.0805452316999
48419,0.2059145718813
48421,0.0931422710419
48423,0.3000658452511
48425,0.1576031148434
48427,0.5252158641815
48429,0.1049709171057
48431,0.080314964056
48433,0.1586867272854
48435,0.2085492163897
48437,0.2057684063911
48439,0.5011116266251
48441,0.2694744765759
48443,0.2626931667328
48445,0.2121042311192
48447,0.0923423394561
48449,0.2739305496216
48451,0.2747126817703
48453,0.7298429012299
48455,0.191683575511
48457,0.1461915224791
48459,0.1539655327797
48461,0.1261127591133
48463,0.3974821865559
48465,0.4497509002686
48467,0.1363530606031
48469,0.3076649606228
48471,0.3389655649662
48473,0.3648389875889
48475,0.1907615512609
48477,0.2474448382854
48479,0.6175610423088
48481,0.2824307978153
48483,0.0721959620714
48485,0.2909794449806
48487,0.2133928537369
48489,0.5601009130478
48491,0.5071704983711
48493,0.2559142410755
48495,0.169587880373
48497,0.1553819775581
48499,0.1555545777082
48501,0.161912098527
48503,0.1269646435976
48505,0.4731795787811
48507,0.6577859520912
49001,0.116972476244
49003,0.1718996167183
49005,0.3044877648354
49007,0.2632911503315
49009,0.1828665584326
49011,0.3553848564625
49013,0.1008976697922
49015,0.1196903139353
49017,0.1923652738333
49019,0.555203795433
49021,0.204849049449
49023,0.1125261709094
49025,0.2653761208057
49027,0.103516921401
49029,0.1732886582613
49031,0.1001164168119
49033,0.1346297711134
49035,0.5574257969856
49037,0.4682611227036
49039,0.1464131176472
49041,0.1069455370307
49043,0.597897708416
49045,0.2985278964043
49047,0.111431248486
49049,0.2828135192394
49051,0.3643269240856
49053,0.2337629795074
49055,0.2289836853743
49057,0.3815967142582
50001,0.696758389473
50003,0.6381444334984
50005,0.5901197195053
50007,0.7839255332947
50009,0.4662062227726
50011,0.5469741821289
50013,0.6039711236954
50015,0.7208913564682
50017,0.590886592865
50019,0.5226032733917
50021,0.5617452263832
50023,0.7424573898315
50025,0.7344734072685
50027,0.7097153067589
51001,0.452417910099
51003,0.6711869835854
51005,0.2768452167511
51007,0.3090629279613
51009,0.3393765389919
51011,0.2651315927505
51013,0.8251789808273
51015,0.2608653903008
51017,0.2604838609695
51019,0.2548559904099
51021,0.1548762768507
51023,0.2740516364574
51025,0.5755468606949
51027,0.1603354215622
51029,0.4330630004406
51031,0.2752856910229
51033,0.4787719547749
51035,0.1833430081606
51036,0.5984036326408
51037,0.3778538703918
51041,0.533978164196
51043,0.4302019178867
51045,0.1879602968693
51047,0.3987006545067
51049,0.4245139062405
51051,0.2072817534208
51053,0.4171861410141
51057,0.4969736635685
51059,0.7137712240219
51061,0.4116378724575
51063,0.3254957199097
51065,0.4762026965618
51067,0.2862754464149
51069,0.3602428436279
51071,0.2387068271637
51073,0.3188790678978
51075,0.4014773964882
51077,0.1903521865606
51079,0.377459436655
51081,0.5785069465637
51083,0.4239106476307
51085,0.3634757697582
51087,0.6475790739059
51089,0.3530481159687
51091,0.2763419449329
51093,0.4067774713039
51095,0.5246376395226
51097,0.3935643434525
51099,0.3901804983616
51101,0.3081285357475
51103,0.4767162203789
51105,0.1511061489582
51107,0.6276512742043
51109,0.3834809660912
51111,0.4060453474522
51113,0.3373343348503
51115,0.3187216222286
51117,0.423361748457
51119,0.3725138306618
51121,0.5295231342316
51125,0.4734653830528
51127,0.324235200882
51131,0.5537601709366
51133,0.4203179478645
51135,0.4245498776436
51137,0.3915087282658
51139,0.24344235658650001
51141,0.2070134580135
51143,0.2986771464348
51145,0.2745806574821
51147,0.528648853302
51149,0.4128211140633
51153,0.6375393271446
51155,0.2888224124908
51157,0.4270578622818
51159,0.3726601004601
51161,0.3888244926929
51163,0.3356333076954
51165,0.2940943837166
51167,0.1790673136711
51169,0.1573221683502
51171,0.2934031486511
51173,0.2153031229973
51175,0.4092174470425
51177,0.4653815925121
51179,0.5167499184608
51181,0.5420624017715
51183,0.5602457523346
51185,0.1607644408941
51187,0.319417566061
51191,0.2338493019342
51193,0.4583969712257
51195,0.1887594014406
51197,0.2112799137831
51199,0.4662746489048
51510,0.8199643492699
51515,NA
51520,0.3019582331181
51530,0.3069196343422
51540,0.8699453473091
51550,0.532904624939
51570,0.3309945464134
51580,0.3789308071136
51590,0.6118716597557
51595,0.6813187003136
51600,0.6960018277168
51610,0.8274664282799
51620,0.6293619275093
51630,0.6784291863441
51640,0.2971319258213
51650,0.7149265408516
51660,0.6634563207626
51670,0.5746031999588
51678,0.6640712022781
51680,0.5135296583176
51683,0.6234047412872
51685,0.6685647368431
51690,0.634968817234
51700,0.6681136488914
51710,0.7332476377487
51720,0.2949777543545
51730,0.8866385221481
51735,0.2681812345982
51740,0.7081435918808
51750,0.5465494990349
51760,0.8473680615425
51770,0.6317366957664
51775,0.4012157917023
51790,0.5507257580757
51800,0.5881291031837
51810,0.5276564359665
51820,0.4739205241203
51830,0.7093144059181
51840,0.5587016940117
53001,0.3170774281025
53003,0.3673610389233
53005,0.3906894922256
53007,0.4596507847309
53009,0.5173597335815
53011,0.5262932777405
53013,0.2758051156998
53015,0.4101641476154
53017,0.376143693924
53019,0.3490721285343
53021,0.425125092268
53023,0.2550522685051
53025,0.3230735659599
53027,0.4661169350147
53029,0.5622317790985
53031,0.7128236889839
53033,0.7712092995644
53035,0.5945534706116
53037,0.4474261403084
53039,0.4515762329102
53041,0.3306688666344
53043,0.2495993077755
53045,0.4799744188786
53047,0.4291224777699
53049,0.4942169189453
53051,0.3116211891174
53053,0.5578844547272
53055,0.7608355283737
53057,0.5386543273926
53059,0.451038569212
53061,0.6066982150078
53063,0.4774724841118
53065,0.2835389077663
53067,0.5967693328857
53069,0.4008947014809
53071,0.4549684226513
53073,0.6236349344254
53075,0.5522690415382
53077,0.4606546163559
54001,0.2216643840075
54003,0.3405528664589
54005,0.2304392009974
54007,0.2612515687943
54009,0.2808806598186
54011,0.4083889424801
54013,0.1937244236469
54015,0.1930722892284
54017,0.1424361467361
54019,0.304211974144
54021,0.2294140160084
54023,0.1108068674803
54025,0.2987805008888
54027,0.1944444477558
54029,0.2787584662437
54031,0.2213141024113
54033,0.3082146048546
54035,0.2411278188229
54037,0.4465022087097
54039,0.4253548383713
54041,0.2101092934608
54043,0.2215460240841
54045,0.1813165396452
54047,0.2056781351566
54049,0.3532002568245
54051,0.2487401068211
54053,0.2292820215225
54055,0.2240955084562
54057,0.2094488143921
54059,0.1405291259289
54061,0.4936594963074
54063,0.2097302377224
54065,0.234094902873
54067,0.2118991017342
54069,0.3689533770084
54071,0.2276512980461
54073,0.2031386196613
54075,0.2656012177467
54077,0.2203720510006
54079,0.2822442054749
54081,0.2444342374802
54083,0.2793518900871
54085,0.1383707225323
54087,0.256704300642
54089,0.2622238397598
54091,0.2469407469034
54093,0.2482138127089
54095,0.1635986566544
54097,0.2249925136566
54099,0.2451868355274
54101,0.1810626238585
54103,0.2356093078852
54105,0.1792307645082
54107,0.2865610718727
54109,0.1359577029943
55001,0.3702848255634
55003,0.5555427074432
55005,0.3678041398525
55007,0.571070253849
55009,0.4633616805077
55011,0.3717182278633
55013,0.3557970225811
55015,0.4002378582954
55017,0.3961189687252
55019,0.3114415407181
55021,0.4922458529472
55023,0.4610987901688
55025,0.7675413489342
55027,0.3428140282631
55029,0.5073752403259
55031,0.5475332140923
55033,0.428998708725
55035,0.5551166534424
55037,0.2680164575577
55039,0.3654112517834
55041,0.3437874615192
55043,0.4374701678753
55045,0.5162226557732
55047,0.318112641573
55049,0.569847881794
55051,0.3860488533974
55053,0.4236090481281
55055,0.4224825799465
55057,0.35168582201
55059,0.4840589761734
55061,0.3340334296227
55063,0.5688561797142
55065,0.4306802153587
55067,0.3356896936893
55069,0.384629547596
55071,0.381914794445
55073,0.408420830965
55075,0.3249228000641
55077,0.3615762591362
55078,0.8241619467735
55079,0.7025045156479
55081,0.3797280192375
55083,0.2927073836327
55085,0.4250084161758
55087,0.4494681954384
55089,0.438812494278
55091,0.3655782043934
55093,0.4332404434681
55095,0.3606481552124
55097,0.5142095088959
55099,0.3598386049271
55101,0.4793573915958
55103,0.4505977928638
55105,0.5568045973778
55107,0.3237715363503
55109,0.4186751842499
55111,0.508637368679
55113,0.4322091042995
55115,0.3197184503078
55117,0.4188069701195
55119,0.2601932287216
55121,0.4157295823097
55123,0.4757256805897
55125,0.3892772495747
55127,0.4023481607437
55129,0.3790804743767
55131,0.3067202270031
55133,0.3942478895187
55135,0.3386145532131
55137,0.3273649513721
55139,0.4796638190746
55141,0.4023553729057
56001,0.5145152807236
56003,0.1408652067184
56005,0.10232681036
56007,0.2215494513512
56009,0.1270286291838
56011,0.0938198044896
56013,0.3149035573006
56015,0.1978293061256
56017,0.194276496768
56019,0.187735453248
56021,0.3529971241951
56023,0.1486406624317
56025,0.2523593902588
56027,0.1217596232891
56029,0.2101954072714
56031,0.1858813762665
56033,0.2545008063316
56035,0.1822690665722
56037,0.23816347122190001
56039,0.6940587759018
56041,0.1750852912664
56043,0.1670944541693
56045,0.103836171329
